item_code,item_name,item_all_cost,item_stock_count
5930,삼성전자,2.79684E+14,5969782550
660,SK하이닉스,5.75122E+13,728002365
5935,삼성전자우,3.1064E+13,822886700
5380,현대차,2.69222E+13,213668187
51910,LG화학,2.66486E+13,70592343
68270,셀트리온,2.40886E+13,125461438
5490,POSCO,2.39764E+13,87186835
207940,삼성바이오로직스,2.27608E+13,66165000
12330,현대모비스,2.19024E+13,97343863
51900,LG생활건강,2.18186E+13,15618197
55550,신한지주,2.16235E+13,474199587
28260,삼성물산,2.10556E+13,189690043
35420,NAVER,2.0272E+13,164813395
17670,SK텔레콤,1.99038E+13,80745711
34730,SK,1.93843E+13,70360297
105560,KB금융,1.89405E+13,418111537
15760,한국전력,1.87454E+13,641964077
18260,삼성에스디에스,1.79903E+13,77377800
96770,SK이노베이션,1.71061E+13,92465564
32830,삼성생명,1.696E+13,200000000
270,기아차,1.52822E+13,405363347
6400,삼성SDI,1.49907E+13,68764530
33780,KT&G,1.42784E+13,137292497
810,삼성화재,1.38808E+13,47374837
3550,LG,1.33559E+13,172557131
66570,LG전자,1.24045E+13,163647814
86790,하나금융지주,1.18596E+13,300242062
90430,아모레퍼시픽,1.15748E+13,58458490
36570,엔씨소프트,1.10353E+13,21939022
251270,넷마블,1.05731E+13,85266590
10950,S-Oil,1.04477E+13,112582792
11170,롯데케미칼,1.03683E+13,34275419
316140,우리금융지주,9.79437E+12,680164306
91990,셀트리온헬스케어,9.54175E+12,140526549
10130,고려아연,9.18026E+12,18870000
9540,현대중공업,8.70509E+12,70773116
35720,카카오,8.54725E+12,83387773
9150,삼성전기,8.40304E+12,74693696
24110,기업은행,8.39419E+12,574944394
34220,LG디스플레이,7.29944E+12,357815700
30200,KT,7.20669E+12,261111808
21240,웅진코웨이,6.98144E+12,73799619
35250,강원랜드,6.78191E+12,213940500
18880,한온시스템,6.51236E+12,533800000
32640,LG유플러스,6.39636E+12,436611361
4020,현대제철,6.36536E+12,133445785
720,현대건설,6.11343E+12,111355765
2790,아모레G,5.85453E+12,82458180
267250,현대중공업지주,5.57002E+12,16286617
10140,삼성중공업,5.4684E+12,630000000
4990,롯데지주,5.26644E+12,104909237
128940,한미약품,5.21387E+12,11612184
6800,미래에셋대우,5.2007E+12,658316408
86280,현대글로비스,5.1375E+12,37500000
35760,CJ ENM,5.08034E+12,21926384
23530,롯데쇼핑,5.07783E+12,28288755
161390,한국타이어,5.01694E+12,123875069
78930,GS,4.98026E+12,92915378
8930,한미사이언스,4.92046E+12,64742860
5830,DB손해보험,4.87104E+12,70800000
97950,CJ제일제당,4.85497E+12,15054186
139480,이마트,4.7807E+12,27875819
215600,신라젠,4.55953E+12,70363125
81660,휠라코리아,4.49807E+12,61115070
36460,한국가스공사,4.40795E+12,92313000
84990,바이로메드,4.23E+12,15956260
5940,NH투자증권,4.0945E+12,281408887
29780,삼성카드,4.01451E+12,115858891
71050,한국금융지주,3.88967E+12,55725992
271560,오리온,3.87059E+12,39536132
8770,호텔신라,3.83847E+12,39248121
120,CJ대한통운,3.83247E+12,22812344
282330,BGF리테일,3.76789E+12,17283906
12750,에스원,3.75432E+12,37999178
88980,맥쿼리인프라,3.73477E+12,349044336
9830,한화케미칼,3.72707E+12,163110394
1040,CJ,3.72007E+12,29176998
47810,한국항공우주,3.58221E+12,97475107
3670,포스코케미칼,3.50285E+12,59070000
88350,한화생명,3.48715E+12,868530000
1450,현대해상,3.46872E+12,89400000
210,대림산업,3.46608E+12,34800000
6360,GS건설,3.42429E+12,79820307
28300,에이치엘비,3.40169E+12,39235182
86900,메디톡스,3.39675E+12,5656535
28050,삼성엔지니어링,3.3222E+12,196000000
2380,KCC,3.32002E+12,10556513
16360,삼성증권,3.24606E+12,89300000
3410,쌍용양회,3.18439E+12,503859595
8560,메리츠종금증권,3.17962E+12,605641072
4170,신세계,3.17015E+12,9845181
241560,두산밥캣,3.14281E+12,100249166
11780,금호석유,3.13817E+12,30467691
42660,대우조선해양,3.10361E+12,107205752
100,유한양행,3.02818E+12,12777115
3490,대한항공,3.02554E+12,94844634
7070,GS리테일,2.9106E+12,77000000
5387,현대차2우B,2.886E+12,36485451
11070,LG이노텍,2.87555E+12,23667107
79440,오렌지라이프,2.8659E+12,82000000
30000,제일기획,2.85302E+12,115041225
60,메리츠화재,2.77948E+12,113680000
7310,오뚜기,2.6859E+12,3605237
17800,현대엘리베이,2.60719E+12,27158266
253450,스튜디오드래곤,2.58635E+12,28051490
10620,현대미포조선,2.39653E+12,39942149
263750,펄어비스,2.36235E+12,13015720
69960,현대백화점,2.33322E+12,23402441
880,한화,2.32747E+12,74958735
138930,BNK금융지주,2.32718E+12,325935246
10060,OCI,2.32531E+12,23849371
28670,팬오션,2.29597E+12,534569207
47050,포스코인터내셔널,2.23309E+12,123375149
9240,한샘,2.20748E+12,23533928
69620,대웅제약,2.16669E+12,11586575
294870,HDC현대산업개발,2.16615E+12,43938220
31430,신세계인터내셔날,2.12415E+12,7140000
47040,대우건설,2.10721E+12,415622638
39490,키움증권,2.05749E+12,22099740
64350,현대로템,2.03575E+12,85000000
26960,동서,2.00896E+12,99700000
68760,셀트리온제약,1.94857E+12,34065904
138040,메리츠금융지주,1.94211E+12,140224314
36490,SK머티리얼즈,1.86166E+12,10547673
3240,태광산업,1.84602E+12,1113400
9420,한올바이오파마,1.78924E+12,52240638
150,두산,1.75998E+12,18238102
12450,한화에어로스페이스,1.75375E+12,52040000
4370,농심,1.7518E+12,6082642
6260,LS,1.74202E+12,32200000
5385,현대차우,1.73907E+12,24356685
20150,일진머티리얼즈,1.72916E+12,46110835
181710,NHN엔터테인먼트,1.71781E+12,19565025
51905,LG생활건강우,1.70705E+12,2099697
6280,녹십자,1.68286E+12,11686538
161890,한국콜마,1.65366E+12,22346698
95700,제넥신,1.64991E+12,20444934
145020,휴젤,1.64914E+12,4358205
34230,파라다이스,1.61878E+12,90942672
4800,효성,1.61825E+12,21071025
111770,영원무역,1.60186E+12,44311468
51915,LG화학우,1.59543E+12,7688800
51600,한전KPS,1.5885E+12,45000000
42670,두산인프라코어,1.58619E+12,208161279
307950,현대오토에버,1.5792E+12,21000000
298380,에이비엘바이오,1.5675E+12,45303350
670,영풍,1.56205E+12,1842040
1740,SK네트웍스,1.54125E+12,248187647
56190,에스에프에이,1.52971E+12,35908760
240,한국타이어월드와이드,1.51623E+12,93020173
10120,LS산전,1.497E+12,30000000
180640,한진칼,1.4911E+12,59170458
204320,만도,1.4768E+12,46957120
139130,DGB금융지주,1.43436E+12,169145833
12510,더존비즈온,1.4139E+12,29672700
114090,GKL,1.39485E+12,61855670
192820,코스맥스,1.39186E+12,10049509
120110,코오롱인더,1.37592E+12,26978840
11790,SKC,1.37001E+12,37534555
5440,현대그린푸드,1.36786E+12,97704482
78340,컴투스,1.36255E+12,12866420
5300,롯데칠성,1.35809E+12,799346
214320,이노션,1.342E+12,20000000
25980,아난티,1.33771E+12,82320915
73240,금호타이어,1.32427E+12,287260287
41960,코미팜,1.32401E+12,58070833
4000,롯데정밀화학,1.32354E+12,25800000
80,하이트진로,1.28345E+12,70133611
57050,현대홈쇼핑,1.278E+12,12000000
240810,원익IPS,1.27127E+12,49083901
46890,서울반도체,1.26231E+12,58305400
98460,고영,1.24971E+12,13687951
11210,현대위아,1.24282E+12,27195083
71840,롯데하이마트,1.22288E+12,23607712
3520,영진약품,1.22172E+12,182892731
18250,애경산업,1.22028E+12,26299135
247540,에코프로비엠,1.19299E+12,20016666
1800,오리온홀딩스,1.19026E+12,62645422
90435,아모레퍼시픽우,1.18776E+12,10557830
28150,GS홈쇼핑,1.18388E+12,6562500
11200,현대상선,1.18148E+12,313805827
12630,HDC,1.17691E+12,59741721
7700,F&F,1.17502E+12,15400000
5250,녹십자홀딩스,1.17335E+12,47028210
5610,SPC삼립,1.16923E+12,8629009
3000,부광약품,1.15627E+12,63531367
35900,JYP Ent.,1.1503E+12,35393704
280360,롯데제과,1.14538E+12,6416717
950160,코오롱티슈진,1.14408E+12,61017550
3090,대웅,1.14249E+12,58141980
175330,JB금융지주,1.13659E+12,196982894
192080,더블유게임즈,1.12667E+12,18260502
105630,한세실업,1.112E+12,40000000
85660,차바이오텍,1.10995E+12,52479764
3690,코리안리,1.10499E+12,120369116
250,삼천당제약,1.10419E+12,22105813
3380,하림지주,1.09026E+12,93584198
20000,한섬,1.0751E+12,24630000
140410,메지온,1.06639E+12,8641708
2350,넥센타이어,1.06458E+12,97667877
185750,종근당,1.06295E+12,10370290
6650,대한유화,1.0595E+12,6500000
23590,다우기술,1.05885E+12,44866617
115390,락앤락,1.05393E+12,54186600
42000,카페24,1.03925E+12,9430597
10780,아이에스동서,1.03361E+12,30854105
267270,현대건설기계,1.02838E+12,19700793
89590,제주항공,1.01737E+12,26356758
192400,쿠쿠홀딩스,1.00997E+12,7112437
49770,동원F&B,9.80217E+11,3859124
9410,태영건설,9.6264E+11,76400000
1440,대한전선,9.54967E+11,856473009
1680,대상,9.54553E+11,34648025
79160,CJ CGV,9.44853E+11,21161313
14680,한솔케미칼,9.38631E+11,11295195
36830,솔브레인,9.37767E+11,17398271
39030,이오테크닉스,9.35784E+11,12280626
69260,휴켐스,9.34076E+11,40878588
41510,에스엠,9.34007E+11,23061906
52690,한전기술,9.32568E+11,38220000
178920,SKC코오롱PI,9.16229E+11,29366322
22100,포스코 ICT,9.13729E+11,152034729
85620,미래에셋생명,9.04553E+11,177016189
263050,유틸렉스,8.93056E+11,7290255
58470,리노공업,8.90154E+11,15242370
284740,쿠쿠홈시스,8.88518E+11,4487466
9970,영원무역홀딩스,8.76769E+11,13635592
32350,롯데관광개발,8.74204E+11,68834962
112040,위메이드,8.7192E+11,16800000
38540,상상인,8.70178E+11,46409473
6040,동원산업,8.64342E+11,3363200
34020,두산중공업,8.63372E+11,117146826
103140,풍산,8.63148E+11,28024278
14820,동원시스템즈,8.5822E+11,25618511
79550,LIG넥스원,8.459E+11,22000000
39130,하나투어,8.3288E+11,11616185
170900,동아에스티,8.24122E+11,8443868
18670,SK가스,8.23024E+11,9054167
214370,케어젠,8.2184E+11,10743000
200130,콜마비앤에이치,8.15402E+11,29543558
285130,SK케미칼,8.08274E+11,11579852
67630,에이치엘비생명과학,8.07553E+11,46145863
93050,LF,7.9679E+11,29240000
27410,BGF,7.8012E+11,95369179
48260,오스템임플란트,7.75714E+11,14285717
64760,티씨케이,7.7522E+11,11675000
241590,화승엔터프라이즈,7.74869E+11,60536670
298020,효성티앤씨,7.72491E+11,4327682
1060,JW중외제약,7.72085E+11,20318022
1430,세아베스틸,7.69242E+11,35862119
151910,나노스,7.64186E+11,109013645
5850,에스엘,7.60271E+11,33865090
36420,제이콘텐트리,7.59244E+11,144068982
8060,대덕전자,7.59008E+11,78006972
1230,동국제강,7.5869E+11,95432737
3620,쌍용차,7.5819E+11,149840002
30190,NICE평가정보,7.52864E+11,60714820
34310,NICE,7.5007E+11,37882300
20560,아시아나항공,7.38847E+11,205235294
69080,웹젠,7.30935E+11,35310884
82640,동양생명,7.29341E+11,161358585
278280,천보,7.29E+11,10000000
6840,AK홀딩스,7.28616E+11,13247561
2270,롯데푸드,7.23265E+11,1131870
93370,후성,7.22333E+11,92606819
6390,한일현대시멘트,7.21633E+11,16821290
66970,엘앤에프,7.18003E+11,24758729
39200,오스코텍,7.16597E+11,28101839
5690,파미셀,7.16509E+11,59958950
108320,실리콘웍스,7.14816E+11,16264300
37560,CJ헬로,7.1406E+11,77446865
91700,파트론,7.12157E+11,54156410
286940,롯데정보통신,7.10014E+11,14286000
70,삼양홀딩스,7.07409E+11,8564271
272450,진에어,7.065E+11,30000000
9450,경동나비엔,7.00673E+11,12739510
83790,크리스탈,6.90805E+11,40397934
122870,와이지엔터테인먼트,6.86511E+11,18185709
183490,엔지켐생명과학,6.84994E+11,7792878
65660,안트로젠,6.84237E+11,8650277
115450,지트리비앤티,6.83322E+11,24491837
5180,빙그레,6.82691E+11,9851241
7390,네이처셀,6.81775E+11,53056399
145720,덴티움,6.77412E+11,11068830
640,동아쏘시오홀딩스,6.75212E+11,6138294
267980,매일유업,6.71415E+11,7843638
1120,LG상사,6.70548E+11,38760000
4490,세방전지,6.692E+11,14000000
34830,한국토지신탁,6.65309E+11,252489230
71320,지역난방공사,6.62304E+11,11578744
226320,잇츠한불,6.62265E+11,21929315
112610,씨에스윈드,6.60314E+11,17285715
90460,비에이치,6.59629E+11,31485852
218410,RFHIC,6.52979E+11,22477756
3470,유안타증권,6.50685E+11,199596576
24720,한국콜마홀딩스,6.48494E+11,17938966
67160,아프리카TV,6.43707E+11,11494767
271980,제일약품,6.42603E+11,14704872
52020,에스티큐브,6.41055E+11,26710641
145990,삼양사,6.38997E+11,10289803
815,삼성화재우,6.35208E+11,3192000
25540,한국단자,6.34274E+11,10415000
1820,삼화콘덴서,6.34095E+11,10395000
5290,동진쎄미켐,6.29828E+11,51414494
200230,텔콘RF제약,6.25486E+11,82736256
86520,에코프로,6.21839E+11,22090191
990,DB하이텍,6.2158E+11,44398588
199800,툴젠,6.16437E+11,6516249
92040,아미코젠,6.15088E+11,19191510
33660,아주캐피탈,6.09986E+11,57545890
300720,한일시멘트,6.05166E+11,4144970
370,한화손해보험,6.0354E+11,116738915
60570,아이리버,6.0008E+11,55821439
39840,디오,5.96995E+11,15171403
64960,S&T모티브,5.89312E+11,14623136
3540,대신증권,5.88971E+11,50773400
3230,삼양식품,5.85315E+11,7533015
31390,녹십자셀,5.84138E+11,11957796
48530,인트론바이오,5.83709E+11,30010745
96530,씨젠,5.81084E+11,26234020
298050,효성첨단소재,5.80153E+11,4479948
25860,남해화학,5.78759E+11,49678843
82270,젬백스,5.73083E+11,35485004
23890,아트라스BX,5.68215E+11,9150000
23410,유진기업,5.65916E+11,77310863
53210,스카이라이프,5.64299E+11,47821966
1720,신영증권,5.62236E+11,9386237
32500,케이엠더블유,5.59598E+11,18810000
108670,LG하우시스,5.56892E+11,8967670
141080,레고켐바이오,5.55417E+11,10599562
196170,알테오젠,5.54799E+11,12681130
210980,SK디앤디,5.54513E+11,18990164
6060,화승인더,5.532E+11,55320000
7570,일양약품,5.48713E+11,19085664
73070,에스모,5.47917E+11,87666769
243070,휴온스,5.47262E+11,8168085
00680K,미래에셋대우2우B,5.432E+11,140000000
5880,대한해운,5.42268E+11,24426504
102940,코오롱생명과학,5.42087E+11,11412356
5500,삼진제약,5.3932E+11,13900000
3850,보령제약,5.3482E+11,44200000
53800,안랩,5.30734E+11,10013855
268600,셀리버리,5.29837E+11,7612607
19680,대교,5.26852E+11,84702850
2240,고려제강,5.26E+11,20000000
6120,SK디스커버리,5.22589E+11,19037855
86450,동국제약,5.20182E+11,8892000
267260,현대일렉트릭,5.20125E+11,20357135
33180,필룩스,5.19941E+11,57643122
10050,우리종금,5.19137E+11,674203406
66575,LG전자우,5.19017E+11,17185992
192440,슈피겐코리아,5.17823E+11,6216363
48410,현대바이오,5.15899E+11,33718859
44340,위닉스,5.15648E+11,17873425
299660,셀리드,5.15489E+11,9441192
33290,코웰패션,5.14041E+11,90500234
58820,CMG제약,5.13948E+11,108887244
6730,서부T&D,5.05744E+11,51871207
272290,이녹스첨단소재,5.04086E+11,8969506
29960,코엔텍,5E+11,50000000
45390,대아티아이,4.95215E+11,71151522
49950,미래컴퍼니,4.9468E+11,7864540
208340,파멥신,4.9417E+11,6873012
34120,SBS,4.89169E+11,18252582
42700,한미반도체,4.80681E+11,57223890
29530,신도리코,4.77289E+11,10080029
298000,효성화학,4.76924E+11,3190126
11690,유양디앤유,4.75396E+11,57138895
249420,일동제약,4.75011E+11,21591413
228760,지노믹트리,4.74673E+11,19986215
1520,동양,4.70208E+11,238684063
215200,메가스터디교육,4.69887E+11,11761880
144510,녹십자랩셀,4.686E+11,10554054
126560,현대에이치씨엔,4.6618E+11,112876596
4430,송원산업,4.596E+11,24000000
183190,아세아시멘트,4.5581E+11,3895809
86820,바이오솔루션,4.54197E+11,7982376
60980,한라홀딩스,4.5187E+11,10472070
214150,클래시스,4.48685E+11,61973077
96760,JW홀딩스,4.4713E+11,64520904
38500,삼표시멘트,4.46606E+11,107357173
14830,유니드,4.44492E+11,8889843
3920,남양유업,4.428E+11,720000
2390,한독,4.41121E+11,13763533
213420,덕산네오룩스,4.40584E+11,24010012
41140,넥슨지티,4.40398E+11,35373322
15350,부산가스,4.378E+11,11000000
17940,E1,4.37668E+11,6860000
217730,강스템바이오텍,4.37345E+11,20825937
122990,와이솔,4.37241E+11,24156941
80160,모두투어,4.3281E+11,18900000
2320,한진,4.31686E+11,11974656
79430,현대리바트,4.31241E+11,20535282
123890,한국자산신탁,4.3048E+11,102739889
84110,휴온스글로벌,4.28657E+11,10404299
229500,노브메타파마,4.28453E+11,8655614
7460,에이프로젠 KIC,4.28114E+11,108246223
6490,인스코비,4.23184E+11,89943464
2960,한국쉘석유,4.2185E+11,1300000
92730,네오팜,4.20068E+11,7461237
33270,유나이티드제약,4.1977E+11,16207322
68240,다원시스,4.17617E+11,26101057
9680,모토닉,4.1415E+11,33000000
237690,에스티팜,4.1323E+11,18656000
17390,서울가스,4.13E+11,5000000
108230,톱텍,4.12118E+11,36796254
293480,하나제약,4.1148E+11,16200000
19170,신풍제약,4.10634E+11,52984990
36930,주성엔지니어링,4.10118E+11,48249212
13120,동원개발,4.09999E+11,90808100
192650,드림텍,4.05531E+11,28161850
16800,퍼시스,4.048E+11,11500000
2310,아세아제지,4.03938E+11,8956502
43150,바텍,4.0255E+11,14854256
265520,AP시스템,4.01836E+11,14099511
35810,이지바이오,4.01437E+11,57927351
2210,동성제약,4.01056E+11,24756574
230360,에코마케팅,4.00114E+11,16198937
74600,원익QnC,3.99578E+11,26288000
33640,네패스,3.98924E+11,23059202
166090,하나머티리얼즈,3.95498E+11,19627674
3530,한화투자증권,3.94893E+11,172442511
178320,서진시스템,3.94595E+11,18100666
2620,제일파마홀딩스,3.94542E+11,15973355
214450,파마리서치프로덕트,3.94268E+11,9466217
58650,세아홀딩스,3.924E+11,4000000
400,롯데손해보험,3.92098E+11,134280000
138250,엔에스쇼핑,3.90874E+11,33696000
226950,올릭스,3.89585E+11,6503921
30530,원익홀딩스,3.89279E+11,77237981
72710,농심홀딩스,3.88647E+11,4637790
298040,효성중공업,3.88367E+11,9324548
16450,한세예스24홀딩스,3.88E+11,40000000
94800,맵스리얼티1,3.87583E+11,92834331
32190,다우데이타,3.84915E+11,38300000
95610,테스,3.83504E+11,19768226
1725,신영증권우,3.82314E+11,7053763
51500,CJ프레시웨이,3.82265E+11,11871586
61970,엘비세미콘,3.78299E+11,43784592
70960,용평리조트,3.76884E+11,48133333
15750,성우하이텍,3.76E+11,80000000
234080,JW생명과학,3.75279E+11,15834554
4690,삼천리,3.7509E+11,4055025
67080,대화제약,3.74523E+11,18224974
17810,풀무원,3.73291E+11,3809095
239610,에이치엘사이언스,3.72806E+11,5142148
35600,KG이니시스,3.72524E+11,27904434
33920,무학,3.71925E+11,28500000
91810,티웨이항공,3.69222E+11,46974812
9580,무림P&P,3.67973E+11,62368324
213500,한솔제지,3.67719E+11,23800576
17960,한국카본,3.66193E+11,43960757
9290,광동제약,3.65373E+11,52420851
38290,마크로젠,3.64297E+11,10605454
81000,일진다이아,3.63151E+11,11277975
53030,바이넥스,3.61848E+11,31741048
53580,웹케시,3.60503E+11,6763655
268280,미원에스씨,3.59746E+11,5221276
31440,신세계푸드,3.58592E+11,3872480
99190,아이센스,3.58542E+11,13737238
182400,에이티젠,3.57334E+11,24814891
30610,교보증권,3.564E+11,36000000
2990,금호산업,3.56029E+11,36035349
2150,도화엔지니어링,3.55746E+11,33720000
87010,펩트론,3.54808E+11,15326500
25770,한국정보통신,3.54748E+11,38812743
19210,와이지-원,3.52349E+11,30506398
1630,종근당홀딩스,3.51191E+11,5009861
78070,유비쿼스홀딩스,3.49627E+11,18696628
47310,파워로직스,3.49373E+11,34420982
100120,뷰웍스,3.47565E+11,10001865
16590,신대양제지,3.47367E+11,4029782
2020,코오롱,3.46595E+11,12626426
3300,한일홀딩스,3.4596E+11,5995844
174900,앱클론,3.45835E+11,7175000
122900,아이마켓코리아,3.45775E+11,35943340
950170,JTC,3.43754E+11,35005517
16580,환인제약,3.42241E+11,18600070
63570,한국전자금융,3.41607E+11,34645728
84370,유진테크,3.41449E+11,22916042
86390,유니테스트,3.41316E+11,21134126
11760,현대상사,3.40646E+11,13228966
2100,경농,3.4056E+11,21691750
2250,알보젠코리아,3.40322E+11,11857922
281820,케이씨텍,3.40245E+11,19839340
5720,넥센,3.40004E+11,53543977
78520,에이블씨엔씨,3.3927E+11,27033459
143160,아이디스,3.38638E+11,10716390
00088K,한화3우B,3.3708E+11,22472000
237880,클리오,3.36813E+11,16967895
1510,SK증권,3.35066E+11,472590171
1130,대한제분,3.3462E+11,1690000
26890,디피씨,3.34259E+11,41678175
4380,삼익THK,3.339E+11,21000000
115960,연우,3.33506E+11,12398000
31980,피에스케이,3.33438E+11,20331604
3220,대원제약,3.31316E+11,19662677
78020,이베스트투자증권,3.31136E+11,40481190
222040,코스맥스엔비티,3.31079E+11,20628000
3800,에이스침대,3.30482E+11,11090000
7340,디티알오토모티브,3.30302E+11,9994005
480,조선내화,3.292E+11,4000000
63080,게임빌,3.28111E+11,6595192
11280,태림포장,3.25707E+11,70805940
5810,풍산홀딩스,3.23984E+11,7835167
66700,테라젠이텍스,3.23272E+11,30935143
11810,STX,3.22535E+11,19726902
8730,율촌화학,3.224E+11,24800000
14620,성광벤드,3.2175E+11,28600000
104830,원익머트리얼즈,3.21504E+11,12608000
9520,포스코엠텍,3.21482E+11,41642703
152330,코리아오토글라스,3.2E+11,20000000
540,흥국화재,3.19286E+11,64242645
155,두산우,3.1848E+11,4411074
101060,SBS미디어홀딩스,3.18264E+11,139896190
60150,인선이엔티,3.17732E+11,36605043
102460,이연제약,3.16953E+11,16770000
314130,지놈앤컴퍼니,3.15864E+11,7703997
95660,네오위즈,3.15576E+11,21915008
224760,엔에스컴퍼니,3.15176E+11,3939700
10170,대한광통신,3.14139E+11,73741625
51370,인터플렉스,3.13754E+11,23327472
88260,이리츠코크렙,3.13541E+11,63341590
84690,대상홀딩스,3.12876E+11,36212538
67280,멀티캠퍼스,3.10563E+11,5926779
30520,한글과컴퓨터,3.09302E+11,23082211
41830,인바디,3.08569E+11,13683782
161000,애경유화,3.06302E+11,32040000
8490,서흥,3.06003E+11,11569113
950110,SBI핀테크솔루션즈,3.04508E+11,24656540
36630,세종텔레콤,3.03765E+11,600326126
23160,태광,3.03425E+11,26500000
430,대원강업,3.0101E+11,62000000
101530,해태제과식품,2.99903E+11,29116822
78160,메디포스트,2.99787E+11,7868421
191420,테고사이언스,2.98761E+11,8074634
36580,팜스코,2.98231E+11,36727943
5070,코스모신소재,2.98194E+11,19747965
41190,우리기술투자,2.9778E+11,84000000
3560,IHQ,2.9759E+11,146235748
110790,크리스에프앤씨,2.96987E+11,11715480
7690,국도화학,2.96922E+11,5810616
37710,광주신세계,2.968E+11,1600000
136490,선진,2.96056E+11,23779604
255440,야스,2.95764E+11,13058000
65620,제낙스,2.95701E+11,22486744
49960,쎌바이오텍,2.9375E+11,9400000
97520,엠씨넥스,2.92074E+11,14567276
2030,아세아,2.91406E+11,2191024
1500,현대차증권,2.88384E+11,29337111
25000,KPX케미칼,2.87496E+11,4840000
89600,나스미디어,2.86716E+11,8754691
119860,다나와,2.83724E+11,13074822
32620,유비케어,2.82387E+11,52197139
50,경방,2.82377E+11,27415270
228850,레이언스,2.82047E+11,16591014
42520,한스바이오메드,2.81935E+11,9857857
11040,경동제약,2.8143E+11,26550000
206640,바디텍메드,2.8102E+11,23418328
79980,휴비스,2.8083E+11,34500000
90360,로보스타,2.808E+11,9750000
215360,우리산업,2.80357E+11,9132163
60250,NHN한국사이버결제,2.77256E+11,21917493
104700,한국철강,2.77221E+11,46050000
2780,진흥기업,2.76396E+11,145471745
293940,신한알파리츠,2.76255E+11,47630123
4360,세방,2.76114E+11,19308690
67290,JW신약,2.7542E+11,41667166
45100,한양이엔지,2.754E+11,18000000
4980,성신양회,2.74897E+11,24008482
43610,지니뮤직,2.73724E+11,58115438
7160,사조산업,2.735E+11,5000000
25620,제이준코스메틱,2.73199E+11,26524184
89980,상아프론테크,2.72647E+11,14541167
25900,동화기업,2.72061E+11,14356756
95270,웨이브일렉트로,2.71052E+11,10798868
2810,삼영무역,2.70876E+11,16466623
8350,남선알미늄,2.69388E+11,110179090
52260,SK바이오랜드,2.685E+11,15000000
136480,하림,2.68228E+11,86945938
214180,민앤지,2.67449E+11,11886628
3060,에이프로젠제약,2.67008E+11,107882194
119610,인터로조,2.66605E+11,11016749
78150,HB테크놀러지,2.66593E+11,78990426
54780,키이스트,2.66174E+11,85175625
95190,이엠코리아,2.65955E+11,36332704
68400,AJ렌터카,2.65756E+11,22146300
78600,대주전자재료,2.6556E+11,14551225
140860,파크시스템스,2.65337E+11,6650055
20,동화약품,2.63673E+11,27931470
16250,이테크건설,2.632E+11,2800000
13030,하이록코리아,2.62735E+11,13613232
57500,SKC 솔믹스,2.6135E+11,61494040
175250,아이큐어,2.61168E+11,6123518
200670,휴메딕스,2.60335E+11,9347753
260930,씨티케이코스메틱스,2.60139E+11,10122151
195870,해성디에스,2.601E+11,17000000
1200,유진투자증권,2.59602E+11,96866418
85370,루트로닉,2.59582E+11,25325099
102710,이엔에프테크놀로지,2.58235E+11,14227836
33240,자화전자,2.5776E+11,17900000
18290,지엠피,2.57583E+11,27199868
215000,골프존,2.57292E+11,6275415
3070,코오롱글로벌,2.57146E+11,25210438
34950,한국기업평가,2.56085E+11,4540514
203690,프로스테믹스,2.55914E+11,45374817
123420,선데이토즈,2.55515E+11,9569842
92230,KPX홀딩스,2.55169E+11,4224646
95570,AJ네트웍스,2.5284E+11,46822295
35510,신세계 I&C,2.5284E+11,1720000
183300,코미코,2.5272E+11,8775000
241710,코스메카코리아,2.52582E+11,10680000
104480,티케이케미칼,2.52235E+11,90895434
214390,경보제약,2.52217E+11,23906860
10955,S-Oil우,2.5137E+11,4021927
30790,동양네트웍스,2.51224E+11,95341270
1940,KISCO홀딩스,2.50355E+11,18476380
272550,삼양패키징,2.50093E+11,14209804
680,LS네트웍스,2.49412E+11,78803016
16380,동부제철,2.48641E+11,27233424
12610,경인양행,2.48034E+11,40396365
5680,삼영전자,2.48E+11,20000000
102260,동성코퍼레이션,2.47221E+11,45444970
3120,일성신약,2.46848E+11,2660000
217270,넵튠,2.45304E+11,21423895
15360,예스코홀딩스,2.448E+11,6000000
220630,해마로푸드서비스,2.44134E+11,93897786
4700,조광피혁,2.44023E+11,6649138
143240,사람인에이치알,2.43738E+11,11634263
36540,SFA반도체,2.43435E+11,141121631
3570,S&T중공업,2.43077E+11,33252697
97780,에스맥,2.43032E+11,220938274
68930,디지털대성,2.42302E+11,22539723
109740,디에스케이,2.42222E+11,20354763
225570,넷게임즈,2.41234E+11,24003428
298690,에어부산,2.40563E+11,52070000
4970,신라교역,2.4E+11,16000000
214420,토니모리,2.39904E+11,17640000
52330,코텍,2.39848E+11,15574552
179900,유티아이,2.3956E+11,15864895
238090,앤디포스,2.38976E+11,16538148
100790,미래에셋벤처투자,2.38898E+11,30667215
7720,대명코퍼레이션,2.38897E+11,100800450
245620,EDGC,2.38741E+11,36172940
23910,대한약품,2.385E+11,6000000
53950,경남제약,2.38495E+11,13865977
128820,대성산업,2.37486E+11,45235478
91120,이엠텍,2.36342E+11,15198814
89030,테크윙,2.36288E+11,18827732
138490,코오롱플라스틱,2.356E+11,38000000
71055,한국금융지주우,2.35209E+11,5858251
67370,선바이오,2.34501E+11,7650940
3200,일신방직,2.3376E+11,2400000
263920,에스엔피월드,2.33462E+11,9451896
23900,풍국주정,2.331E+11,12600000
232140,와이아이케이,2.32942E+11,61788456
33500,동성화인텍,2.32869E+11,26983609
82920,비츠로셀,2.31546E+11,21539152
1880,삼호,2.31491E+11,15179766
7820,에스엠코어,2.31392E+11,20033946
3545,대신증권우,2.3114E+11,26000000
7660,이수페타시스,2.3069E+11,41268398
92130,이크레더블,2.29431E+11,12043600
95720,웅진씽크빅,2.29097E+11,76621165
241690,유니테크노,2.29008E+11,11927520
131970,테스나,2.28105E+11,6850000
970,한국주철관,2.28005E+11,22800500
243840,신흥에스이씨,2.27999E+11,6551683
121600,나노신소재,2.2673E+11,10848333
60280,큐렉소,2.26496E+11,33357253
59090,미코,2.2548E+11,31316603
220250,카이노스메드,2.24671E+11,13699472
44820,코스맥스비티아이,2.23771E+11,9603921
52710,아모텍,2.2215E+11,9743406
1250,GS글로벌,2.22016E+11,82533764
217480,에스디생명공학,2.21909E+11,22415066
108490,로보티즈,2.21082E+11,11251000
4960,한신공영,2.21E+11,11570702
520,삼일제약,2.2035E+11,6500000
123860,아나패스,2.20277E+11,10127700
5420,코스모화학,2.20183E+11,15840498
700,유수홀딩스,2.20053E+11,26041812
29460,케이씨,2.18898E+11,13554044
13580,계룡건설,2.18807E+11,8930907
290650,엘앤씨바이오,2.18266E+11,7239332
3030,세아제강지주,2.18265E+11,4141657
1270,부국증권,2.17768E+11,10369886
35890,서희건설,2.17702E+11,173467745
18310,삼목에스폼,2.1756E+11,14700000
18120,진로발효,2.17444E+11,7524000
67390,아스트,2.16274E+11,15844233
39560,다산네트웍스,2.15977E+11,29955178
8040,사조동아원,2.15951E+11,141144600
54950,제이브이엠,2.15251E+11,6330908
36530,S&T홀딩스,2.14396E+11,16303886
4150,한솔홀딩스,2.14183E+11,46359871
11930,신성이엔지,2.13647E+11,172993713
16610,DB금융투자,2.13505E+11,42446389
64550,바이오니아,2.13464E+11,20624568
86890,이수앱지스,2.13269E+11,26625292
36800,나이스정보통신,2.13E+11,10000000
166480,코아스템,2.12971E+11,15717440
194700,노바렉스,2.12488E+11,9003740
27390,한화갤러리아타임월드,2.12405E+11,6000131
91090,세원셀론텍,2.12248E+11,60990792
46440,KG모빌리언스,2.10844E+11,29906957
142760,바이오리더스,2.10676E+11,15960310
25320,시노펙스,2.09038E+11,70146898
86980,쇼박스,2.08771E+11,62600000
115180,큐리언트,2.08721E+11,8536666
36890,진성티이씨,2.08186E+11,22482268
39440,에스티아이,2.06582E+11,15830000
7110,일신석재,2.06422E+11,77456610
1780,알루코,2.05687E+11,74524102
201490,미투온,2.05676E+11,31257770
263720,디앤씨미디어,2.05305E+11,12041343
138080,오이솔루션,2.05098E+11,7739532
53610,프로텍,2.03394E+11,9460203
28100,동아지질,2.02975E+11,11500000
43370,평화정공,2.0286E+11,21000000
84680,이월드,2.02742E+11,90509897
299910,베스파,2.0166E+11,7986521
67170,오텍,2.0163E+11,15391605
36190,금화피에스시,2.013E+11,6000000
7210,벽산,2.00881E+11,68560000
16100,리더스코스메틱,2.00783E+11,18170414
236200,슈프리마,2.00372E+11,7080273
138690,엘아이에스,2.00332E+11,15529605
241770,메카로,2.00322E+11,9991140
44490,태웅,1.99874E+11,20007381
210540,디와이파워,1.99855E+11,11041708
8700,아남전자,1.98982E+11,77124820
58610,에스피지,1.98958E+11,20876975
11370,서한,1.97249E+11,100894865
137940,넥스트아이,1.96646E+11,77116173
88800,에이스테크,1.96629E+11,34556954
54050,농우바이오,1.96374E+11,16030561
27050,코리아나,1.96E+11,40000000
110990,디아이티,1.95615E+11,18900000
6620,동구바이오제약,1.95441E+11,9604000
49070,인탑스,1.9522E+11,17200000
64240,홈캐스트,1.94639E+11,32278430
75580,세진중공업,1.92631E+11,38372720
1530,동일방직,1.92405E+11,2378309
72020,중앙백신,1.92228E+11,9960000
6380,카프로,1.922E+11,40000000
2795,아모레G우,1.91702E+11,6443770
123690,한국화장품,1.91209E+11,16068000
200880,서연이화,1.90821E+11,27028437
200710,에이디테크놀로지,1.90607E+11,9252779
80420,모다이노칩,1.90535E+11,39860811
15860,일진홀딩스,1.90481E+11,49347483
48550,SM C&C,1.90003E+11,94061026
5090,삼광글라스,1.89808E+11,4854418
230240,에치에프알,1.89396E+11,58910104
140,하이트진로홀딩스,1.89367E+11,23206765
194370,제이에스코퍼레이션,1.89366E+11,13335601
121800,비덴트,1.89261E+11,27873523
270870,뉴트리,1.89225E+11,9032224
1540,안국약품,1.89115E+11,13042420
30210,KTB투자증권,1.89085E+11,60314092
33160,엠케이전자,1.88418E+11,21807689
64260,다날,1.88408E+11,54374654
40910,아이씨디,1.88154E+11,16799497
290670,대보마그네틱,1.88137E+11,3232600
179290,엠아이텍,1.87713E+11,30423558
1390,KG케미칼,1.86833E+11,12455526
229640,LS전선아시아,1.86812E+11,30624879
49180,셀루메드,1.86508E+11,20428011
900100,뉴프라이드,1.86301E+11,89139377
196490,디에이테크놀로지,1.85347E+11,52506304
125210,아모그린텍,1.84764E+11,16496790
67990,도이치모터스,1.84631E+11,26263308
225530,보광산업,1.84572E+11,35700625
2460,화성산업,1.84272E+11,12450800
168490,한국패러랠,1.83646E+11,80020000
74430,아미노로직스,1.83558E+11,87826844
1790,대한제당,1.8343E+11,8840002
97955,CJ제일제당 우,1.82522E+11,1327433
90470,제이스텍,1.82473E+11,14597808
306200,세아제강,1.82374E+11,2836300
131390,피앤이솔루션,1.8207E+11,14280000
100700,세운메디칼,1.81332E+11,43800000
35150,백산,1.81258E+11,24200000
4870,티웨이홀딩스,1.81049E+11,75437074
282690,동아타이어,1.80589E+11,13733015
253840,수젠텍,1.80531E+11,11426006
31330,에스에이엠티,1.80491E+11,99995067
5740,크라운해태홀딩스,1.80395E+11,14847347
144960,뉴파워프라즈마,1.8027E+11,8250337
900290,GRT,1.79891E+11,67375000
108790,인터파크,1.79703E+11,33155480
290720,푸드나무,1.78999E+11,6806034
200780,비씨월드제약,1.78986E+11,8008318
131030,디에이치피코리아,1.789E+11,16564797
5960,동부건설,1.78414E+11,20867152
2450,삼익악기,1.78346E+11,90530915
9270,신원,1.78138E+11,80788152
12030,DB,1.78039E+11,201173933
68290,삼성출판사,1.78E+11,10000000
69110,코스온,1.77062E+11,18697161
5990,매일홀딩스,1.76966E+11,13718304
60720,KH바텍,1.76644E+11,20611941
99750,이지케어텍,1.75934E+11,6386000
122640,예스티,1.75719E+11,11086364
111870,삼본정밀전자,1.75692E+11,51372000
860,강남제비스코,1.755E+11,6500000
16880,웅진,1.74663E+11,74166668
9160,SIMPAC,1.74043E+11,65429516
17890,한국알콜,1.73926E+11,21605760
73560,우리손에프앤지,1.73786E+11,69237643
2170,삼양통상,1.734E+11,3000000
27360,아주IB투자,1.73323E+11,118714050
185490,아이진,1.73292E+11,11037715
204620,글로벌텍스프리,1.72871E+11,37176555
115160,휴맥스,1.72404E+11,23911798
77500,유니퀘스트,1.72117E+11,27190652
39570,HDC아이콘트롤스,1.72007E+11,16460000
5945,NH투자증권우,1.71915E+11,18870968
15890,태경산업,1.71865E+11,29228750
264450,유비쿼스,1.71652E+11,5123955
136540,윈스,1.7165E+11,12088063
206650,유바이오로직스,1.71293E+11,25566086
180400,캔서롭,1.7129E+11,22130432
45520,크린앤사이언스,1.71275E+11,6500000
251630,브이원텍,1.70991E+11,7516090
10600,웰바이오텍,1.70429E+11,41567981
52400,코나아이,1.70372E+11,15559118
77970,STX엔진,1.70266E+11,23008904
36030,KTH,1.70182E+11,35715022
54800,아이디스홀딩스,1.69703E+11,10347756
320,노루홀딩스,1.69462E+11,13291151
79370,제우스,1.69259E+11,10384000
153710,옵티팜,1.69185E+11,14217258
4560,현대비앤지스틸,1.68883E+11,15078811
21320,KCC건설,1.68846E+11,21400000
96240,청담러닝,1.68842E+11,7674651
52790,액토즈소프트,1.68827E+11,11330638
8970,동양철관,1.68817E+11,118885290
11320,유니크,1.6867E+11,19320695
122450,KMH,1.68665E+11,22639663
89970,에이피티씨,1.68451E+11,23234595
5389,현대차3우B,1.68068E+11,2428735
72520,제넨바이오,1.67673E+11,64613942
160550,NEW,1.67158E+11,27906106
206560,덱스터,1.67076E+11,24642529
37460,삼지전자,1.66449E+11,16318522
234920,자이글,1.6643E+11,13530910
44450,KSS해운,1.65779E+11,23185880
71970,STX중공업,1.65682E+11,28081731
71200,인피니트헬스케어,1.65164E+11,24396458
65060,지엔코,1.65144E+11,98008044
90350,노루페인트,1.64E+11,20000000
83640,인콘,1.63772E+11,133691357
4710,한솔테크닉스,1.63613E+11,22109878
222800,심텍,1.63366E+11,22752959
33530,세종공업,1.63068E+11,22554412
3350,한국화장품제조,1.62925E+11,4532000
187420,제노포커스,1.62596E+11,21535863
100590,머큐리,1.624E+11,14763600
390,삼화페인트,1.62334E+11,26438751
216050,인크로스,1.62278E+11,8053477
13870,지엠비코리아,1.61924E+11,19072280
96775,SK이노베이션우,1.61671E+11,1248426
12700,리드코프,1.61565E+11,26749230
267290,경동도시가스,1.61559E+11,4717063
171120,라이온켐텍,1.61372E+11,18358538
12690,모나리자,1.61096E+11,36571255
67900,와이엔텍,1.61067E+11,18199659
14790,한라,1.60748E+11,38874942
32790,엠젠플러스,1.60376E+11,16415114
53980,오상자이엘,1.59376E+11,17747882
54670,대한뉴팜,1.5934E+11,14354920
60590,씨티씨바이오,1.59119E+11,19310522
56080,유진로봇,1.58864E+11,37512152
89140,넥스턴,1.58743E+11,11846520
100130,동국S&C,1.58572E+11,57143000
67830,세이브존I&C,1.58418E+11,41040895
93320,케이아이엔엑스,1.58356E+11,4880000
168330,내츄럴엔도텍,1.583E+11,20665822
82740,HSD엔진,1.58146E+11,32947142
9460,한창제지,1.58119E+11,59667486
284610,TS트릴리온,1.57783E+11,37657000
155650,와이엠씨,1.57598E+11,19974358
109960,에이프로젠 H&G,1.57252E+11,178695217
4310,현대약품,1.5712E+11,32000000
63170,서울옥션,1.56825E+11,16917500
900300,오가닉티코스메틱,1.56259E+11,56925000
1460,BYC,1.56154E+11,624615
6220,제주은행,1.56146E+11,32128774
46210,파나진,1.55725E+11,32108160
4060,SG세계물산,1.55462E+11,202424960
1360,삼성제약,1.55026E+11,58611127
299900,위지윅스튜디오,1.54846E+11,8798060
36200,유니셈,1.54548E+11,30664223
24810,이화전기,1.5412E+11,602032963
302430,이노메트리,1.53921E+11,4825108
101330,모베이스,1.53812E+11,23958188
36810,에프에스티,1.53575E+11,20233814
17900,광전자,1.53261E+11,57943763
50890,쏠리드,1.52834E+11,43173383
4250,NPC,1.52755E+11,36720000
141000,비아트론,1.52645E+11,12114710
3580,넥스트사이언스,1.52624E+11,23480639
890,보해양조,1.52581E+11,96570546
5160,동국산업,1.52427E+11,54244482
65130,탑엔지니어링,1.52254E+11,15976257
121440,골프존뉴딘홀딩스,1.52071E+11,42836818
95340,ISC,1.51875E+11,13869854
126700,하이비젼시스템,1.51662E+11,14942112
74610,나노메딕스,1.51361E+11,28612662
290380,대유,1.51175E+11,9052400
42370,비츠로테크,1.50889E+11,22353873
3555,LG우,1.50818E+11,3314677
5950,이수화학,1.50794E+11,15278000
229000,젠큐릭스,1.50727E+11,5392726
54450,텔레칩스,1.50591E+11,13505911
159580,제로투세븐,1.50445E+11,20032636
87730,네패스신소재,1.50298E+11,3515737
13570,디와이,1.49759E+11,26319633
117580,대성에너지,1.49325E+11,27500000
4200,고려개발,1.49151E+11,30438889
37950,엘컴텍,1.4905E+11,84447519
45890,GV,1.48617E+11,26586229
117670,알파홀딩스,1.48532E+11,13144440
143210,핸즈코퍼레이션,1.48452E+11,21863268
66980,브레인콘텐츠,1.48121E+11,158418281
215,대림산업우,1.4801E+11,3800000
92200,디아이씨,1.4799E+11,23985369
36560,영풍정밀,1.47893E+11,15750000
84010,대한제강,1.4788E+11,24646734
214430,아이쓰리시스템,1.47821E+11,7106760
7680,대원,1.47518E+11,11050000
251370,와이엠티,1.47363E+11,7405200
14990,인디에프,1.47332E+11,58932995
109610,에스와이패널,1.47201E+11,24949345
262760,엔케이맥스,1.47175E+11,16820000
69460,대호에이엘,1.47071E+11,27134839
238200,비피도,1.47036E+11,4090000
151860,KG ETS,1.4688E+11,36000000
111710,남화산업,1.46587E+11,20588000
30960,양지사,1.46537E+11,15980000
288620,에스퓨얼셀,1.4648E+11,5744316
14200,광림,1.46391E+11,49624189
65650,메디프론,1.46018E+11,29439113
180,성창기업지주,1.45432E+11,69751600
214270,퓨쳐스트림네트웍스,1.45378E+11,89463189
39860,나노엔텍,1.45136E+11,26292790
6405,삼성SDI우,1.45125E+11,1617896
23600,삼보판지,1.44795E+11,14700000
200470,하이셈,1.44467E+11,17553680
189300,인텔리안테크,1.44095E+11,7240944
114570,지스마트글로벌,1.4366E+11,93895141
19550,SBI인베스트먼트,1.43267E+11,162066575
4440,대림씨엔에스,1.43234E+11,12731947
7810,코리아써키트,1.43142E+11,23620751
40350,큐로컴,1.43106E+11,109659681
3460,유화증권,1.4289E+11,11340483
36000,예림당,1.42813E+11,23034277
3830,대한화섬,1.4276E+11,1328000
78890,가온미디어,1.42535E+11,14514801
1260,남광토건,1.42497E+11,9827396
72870,메가스터디,1.42455E+11,11920959
2700,신일산업,1.4245E+11,71047521
100250,진양홀딩스,1.42254E+11,55895292
10040,한국내화,1.42212E+11,22863632
203650,드림시큐리티,1.42149E+11,35805754
900260,로스웰,1.42073E+11,90781250
14470,부방,1.4188E+11,47293490
48870,시너지이노베이션,1.41587E+11,61426004
225190,삼양옵틱스,1.41544E+11,10038600
11390,부산산업,1.41504E+11,1056000
1290,골든브릿지증권,1.41435E+11,50693589
35000,지투알,1.4132E+11,16567409
5110,한창,1.41248E+11,34790269
71460,대유위니아,1.41172E+11,35967295
126870,뉴로스,1.41078E+11,21872567
13520,화승알앤에이,1.41066E+11,64561210
11330,유니켐,1.40752E+11,61869224
2760,보락,1.40466E+11,59900000
35080,인터파크홀딩스,1.404E+11,58500000
89470,HDC현대EP,1.4036E+11,31900000
82210,옵트론텍,1.40327E+11,22560627
35610,솔본,1.40285E+11,27345997
33340,좋은사람들,1.4027E+11,29908224
225330,씨엠에스에듀,1.40061E+11,18952768
69510,에스텍,1.39648E+11,10910000
5430,한국공항,1.39636E+11,3166355
38390,레드캡투어,1.39579E+11,8589480
490,대동공업,1.39522E+11,23728210
78000,텔코웨어,1.39234E+11,9702706
36670,KCI,1.39185E+11,11270000
3650,미창석유,1.38826E+11,1739672
4890,동일산업,1.38722E+11,2425215
96630,에스코넥,1.3869E+11,65265724
65560,녹원씨엔아이,1.38417E+11,14867550
101140,아티스,1.38311E+11,28995962
89890,코세스,1.38186E+11,16851962
9200,무림페이퍼,1.38143E+11,41609310
263700,케어랩스,1.38043E+11,6190275
53300,한국정보인증,1.37905E+11,31165000
65530,전파기지국,1.37436E+11,52860000
15710,코콤,1.37264E+11,17530500
9780,엠에스씨,1.36928E+11,17600000
10820,퍼스텍,1.3632E+11,46764840
19440,세아특수강,1.36263E+11,8570000
86960,한컴MDS,1.35961E+11,8828608
17180,명문제약,1.35461E+11,24540000
53690,한미글로벌,1.35326E+11,10957550
100090,삼강엠앤티,1.35185E+11,27448765
61040,알에프텍,1.35013E+11,19287500
14160,대영포장,1.34951E+11,108394549
5390,신성통상,1.34942E+11,143708390
34940,조아제약,1.34898E+11,28310231
73490,이노와이어리스,1.34456E+11,6002500
85310,엔케이,1.34372E+11,79983352
32560,황금에스티,1.3426E+11,14000000
60560,홈센타홀딩스,1.34053E+11,85113017
92220,KEC,1.33817E+11,112451621
94480,갤럭시아컴즈,1.33578E+11,39229838
144620,코오롱머티리얼,1.3338E+11,54000000
227840,현대코퍼레이션홀딩스,1.33327E+11,9100836
248170,샘표식품,1.33166E+11,4568286
42040,케이피엠테크,1.32547E+11,91727800
60240,룽투코리아,1.32485E+11,24176133
26180,현대정보기술,1.32173E+11,59537195
267850,아시아나IDT,1.3209E+11,11100000
222080,씨아이에스,1.31917E+11,53624705
161580,필옵틱스,1.31616E+11,17272398
104620,노랑풍선,1.31532E+11,4765650
18000,유니슨,1.31509E+11,93600606
38880,아이에이,1.31502E+11,41288060
89010,켐트로닉스,1.31306E+11,12810319
11560,세보엠이씨,1.31099E+11,10530000
1045,CJ우,1.31093E+11,2260223
264900,크라운제과,1.30874E+11,12523850
230,일동홀딩스,1.30604E+11,10490296
20710,시공테크,1.30512E+11,20047970
130580,나이스디앤비,1.30438E+11,15400000
102280,쌍방울,1.30415E+11,129124213
14100,보령메디앙스,1.3039E+11,11800000
9155,삼성전기우,1.30378E+11,2906984
68790,DMS,1.30364E+11,23032487
8290,원풍물산,1.3034E+11,38391781
9470,삼화전기,1.30292E+11,6613820
36180,영인프런티어,1.30243E+11,17600341
1840,이화공영,1.30124E+11,19805760
9320,대우부품,1.30075E+11,47646375
27740,마니커,1.29789E+11,158472594
65950,웰크론,1.29715E+11,26856058
3960,사조대림,1.29643E+11,5960575
86040,바이오톡스텍,1.29479E+11,14564623
3160,디아이,1.29294E+11,31496785
24090,디씨엠,1.29285E+11,11700000
66130,하츠,1.2928E+11,12800000
46140,SBS콘텐츠허브,1.29211E+11,21463555
91580,상신이디피,1.29184E+11,12665050
64090,에프앤리퍼블릭,1.29146E+11,59789752
10960,삼호개발,1.29E+11,25000000
101000,디엠씨,1.28928E+11,38833837
60230,이그잭스,1.28902E+11,71414001
255220,SG,1.28812E+11,12506024
7980,태평양물산,1.28772E+11,49911742
227610,아우딘퓨쳐스,1.28E+11,10000000
34590,인천도시가스,1.27962E+11,4374754
214330,금호에이치티,1.27815E+11,20160055
5870,휴니드,1.2775E+11,14116015
900140,엘브이엠씨홀딩스,1.27572E+11,47869508
1340,백광산업,1.27568E+11,44918407
138580,비즈니스온,1.27425E+11,9544940
13990,아가방컴퍼니,1.27275E+11,32887536
42420,네오위즈홀딩스,1.27096E+11,8856866
9730,코센,1.27015E+11,60483525
33100,제룡전기,1.26411E+11,16062409
224060,코디엠,1.26406E+11,144794514
263770,유에스티,1.26322E+11,23700172
97230,한진중공업,1.26202E+11,106052508
101490,에스앤에스텍,1.26109E+11,19735331
32820,우리기술,1.25965E+11,85399992
82800,루미마이크로,1.25838E+11,74460326
108380,대양전기공업,1.2581E+11,9567333
52420,오성첨단소재,1.25711E+11,55871717
103590,일진전기,1.25332E+11,37080390
47820,초록뱀,1.24907E+11,76395832
53350,이니텍,1.24881E+11,19790916
4840,DRB동일,1.24867E+11,19480000
94280,효성ITX,1.24829E+11,11558200
160980,싸이맥스,1.248E+11,10576294
23760,한국캐피탈,1.24643E+11,168209576
182360,큐브엔터,1.24498E+11,26573767
2360,SH에너지화학,1.2447E+11,111133730
6910,보성파워텍,1.24266E+11,45854719
118990,모트렉스,1.24262E+11,27250545
140670,알에스오토메이션,1.24258E+11,9103140
39340,한국경제TV,1.242E+11,23000000
5710,대원산업,1.24033E+11,20037600
14530,극동유화,1.23786E+11,34869420
3480,한진중공업홀딩스,1.2373E+11,29529812
65510,휴비츠,1.23582E+11,11882871
73640,삼원테크,1.23535E+11,53594269
38060,루멘스,1.23156E+11,47276784
66620,국보디자인,1.23E+11,7500000
263690,디알젬,1.22883E+11,11325610
21080,에이티넘인베스트,1.2288E+11,48000000
78130,국일제지,1.22793E+11,116391006
8250,이건산업,1.2267E+11,10952635
215790,이노인스트루먼트,1.2251E+11,20283149
7330,푸른저축은행,1.22322E+11,15082800
259630,엠플러스,1.22174E+11,5111890
138360,에이씨티,1.22162E+11,27268234
257370,명성티엔에스,1.21986E+11,6370000
289080,SV인베스트먼트,1.21906E+11,26617000
267790,배럴,1.21852E+11,7761300
89230,THE E&M,1.21716E+11,91860980
173940,에프엔씨엔터,1.21527E+11,14364880
2800,신신제약,1.21364E+11,15170500
23000,삼원강재,1.21E+11,40000000
241790,오션브릿지,1.20958E+11,9304499
140070,서플러스글로벌,1.20951E+11,36988000
64800,필링크,1.20861E+11,63778793
83310,엘오티베큠,1.20783E+11,13258256
58730,다스코,1.20582E+11,15400000
93190,빅솔론,1.20436E+11,19238905
131370,알서포트,1.20117E+11,53267083
34300,신세계건설,1.2E+11,4000000
14280,금강공업,1.19942E+11,4855964
234300,에스트래픽,1.19808E+11,11921180
1470,삼부토건,1.19799E+11,24803131
51360,토비스,1.19694E+11,16717058
58430,포스코강판,1.194E+11,6000000
25750,한솔홈데코,1.19236E+11,80565149
02826K,삼성물산우B,1.19129E+11,1627440
214870,에치디프로,1.1911E+11,15839103
152550,한국ANKOR유전,1.19034E+11,70020000
53700,삼보모터스,1.18981E+11,15864105
65170,넥스트BT,1.18863E+11,61587062
123040,엠에스오토텍,1.18567E+11,27256692
67000,조이시티,1.18423E+11,11783395
1550,조비,1.18383E+11,5192239
2880,대유에이텍,1.18292E+11,103311545
130660,한전산업,1.18175E+11,32600000
16710,대성홀딩스,1.17936E+11,16089459
12200,계양전기,1.17523E+11,32600000
222110,팬젠,1.17148E+11,9641781
63160,종근당바이오,1.17141E+11,5229489
41930,동아화성,1.17078E+11,15800000
2900,동양물산,1.16719E+11,65388900
79940,가비아,1.16678E+11,13535684
9440,KC그린홀딩스,1.16662E+11,22434980
190510,나무가,1.16621E+11,3430020
49520,유아이엘,1.16549E+11,21784936
204840,지엘팜텍,1.16478E+11,35784323
50110,캠시스,1.15938E+11,57969157
9300,삼아제약,1.15934E+11,6370000
46120,오르비텍,1.1586E+11,23790573
16090,대현,1.15798E+11,44282310
22220,정산애강,1.15761E+11,51794579
260660,알리코제약,1.15627E+11,9595575
142280,녹십자엠에스,1.15407E+11,9617283
91590,남화토건,1.15404E+11,11740000
4650,창해에탄올,1.15346E+11,9190885
250060,모비스,1.15173E+11,32171314
102120,어보브반도체,1.15059E+11,17459653
3100,선광,1.1484E+11,6600000
58400,KNN,1.14817E+11,132429720
176560,포인트엔지니어링,1.147E+11,6200000
48910,대원미디어,1.14594E+11,12578946
37270,YG PLUS,1.14305E+11,58170704
23800,인지컨트롤스,1.14156E+11,15160128
2600,조흥,1.14E+11,600000
17040,광명전기,1.13978E+11,43337615
900310,컬러레이,1.1394E+11,54000000
94850,참좋은여행,1.1382E+11,14000000
39830,오로라,1.13548E+11,10762890
114810,아이원스,1.13499E+11,13415919
126880,제이엔케이히터,1.13399E+11,17774172
86080,다이노나,1.13257E+11,15346481
900250,크리스탈신소재,1.13199E+11,67783852
99320,쎄트렉아이,1.13025E+11,7268487
35620,바른손이앤에이,1.12939E+11,70367278
47770,코데즈컴바인,1.12771E+11,37842602
40420,정상제이엘에스,1.12722E+11,15677552
41440,에버다임,1.12512E+11,17915944
80220,제주반도체,1.12386E+11,28560538
66590,우수AMS,1.12359E+11,24694303
77360,덕산하이메탈,1.12343E+11,22718501
950130,엑세스바이오,1.12319E+11,27064930
92440,기신정기,1.12274E+11,29200000
43090,팜스웰바이오,1.1173E+11,27655844
2630,오리엔트바이오,1.11525E+11,228535104
34810,해성산업,1.11492E+11,9780000
33320,제이씨현시스템,1.11437E+11,19114432
208640,썸에이지,1.10988E+11,76280187
41910,에스텍파마,1.10892E+11,11898263
246710,티앤알바이오팹,1.10087E+11,8246184
75180,새론오토모티브,1.10016E+11,19200000
217620,디딤,1.09896E+11,37001905
12160,영흥철강,1.09858E+11,85826509
217600,켐온,1.09842E+11,63861340
260970,에스앤디,1.09706E+11,303642
80000,에스엔유,1.09662E+11,34322870
211270,AP위성,1.09608E+11,15014804
69920,아이에스이커머스,1.09328E+11,25514093
140610,엔솔바이오사이언스,1.09289E+11,8605446
7860,서연,1.09181E+11,23479844
187870,디바이스이엔지,1.08851E+11,6782000
174880,장원테크,1.0881E+11,6045000
45970,코아시아,1.08673E+11,19616014
650,천일고속,1.08621E+11,1429220
16790,현대사료,1.08556E+11,6150486
196450,텔루스,1.08549E+11,124056371
9070,KCTC,1.0845E+11,30000000
41460,한국전자인증,1.08369E+11,21459249
11785,금호석유우,1.08241E+11,3023486
228340,동양파일,1.082E+11,20000000
90710,디에스티로봇,1.07963E+11,73694978
44060,조광ILI,1.07754E+11,9885656
39610,화성밸브,1.07748E+11,10410400
193250,와이제이엠게임즈,1.07702E+11,45636595
14710,사조씨푸드,1.07444E+11,17218543
27040,서울전자통신,1.07167E+11,69588847
93920,서원인텍,1.07136E+11,18600000
43290,케이맥,1.06766E+11,7141531
61250,화일약품,1.06641E+11,14410958
94940,푸른기술,1.06502E+11,6574202
127160,매직마이크로,1.06469E+11,58822777
27710,팜스토리,1.06459E+11,88347431
65150,MP그룹,1.06263E+11,80808407
7540,샘표,1.06261E+11,2875800
6340,대원전선,1.06247E+11,68107171
134790,시디즈,1.06E+11,2000000
1380,SG충방,1.05891E+11,44964143
60310,3S,1.05886E+11,44772143
24950,삼천리자전거,1.05127E+11,13273577
20760,일진디스플,1.05047E+11,28314440
226360,이엑스티,1.04848E+11,27022574
5800,신영와코루,1.044E+11,900000
122310,제노레이,1.04398E+11,4377256
91970,나노캠텍,1.04208E+11,21202036
92070,디엔에프,1.04174E+11,10761828
33170,시그네틱스,1.0416E+11,85728319
94820,일진파워,1.04043E+11,15078709
120030,조선선재,1.04008E+11,1257651
131290,티에스이,1.03977E+11,11061429
119650,KC코트렐,1.0387E+11,13000000
3080,성보화학,1.03704E+11,20020000
26040,제이에스티나,1.03644E+11,16503790
24880,케이피에프,1.03543E+11,15856489
35290,더블유에프엠,1.03476E+11,23148994
25560,미래산업,1.03475E+11,634818400
187220,디티앤씨,1.03468E+11,9854054
49080,기가레인,1.03305E+11,50392650
17370,우신시스템,1.03291E+11,18314054
105840,우진,1.03186E+11,18592056
83550,케이엠,1.03045E+11,10004363
96350,대창솔루션,1.02924E+11,108455315
104200,NHN벅스,1.02903E+11,14827550
88910,동우팜투테이블,1.0281E+11,25831764
111110,호전실업,1.028E+11,8000000
78140,대봉엘에스,1.02551E+11,11086579
66110,한프,1.02031E+11,50761865
6580,대양제지,1.0203E+11,26850000
900270,헝셩그룹,1.02E+11,80000000
1570,금양,1.01971E+11,44048135
36170,씨티젠,1.01776E+11,32361201
7630,폴루스바이오팜,1.01447E+11,38426927
10400,우진아이엔에스,1.01373E+11,7622000
72470,우리산업홀딩스,1.01236E+11,18887341
58850,KTcs,1.0095E+11,42685000
950140,잉글우드랩,1.00531E+11,19867866
33830,티비씨,1.005E+11,100000000
67310,하나마이크론,1.00454E+11,22727078
194480,데브시스터즈,1.00391E+11,11204370
83930,아바코,1.00298E+11,15996505
11090,에넥스,1.00186E+11,59991641
37070,파세코,1.001E+11,14000000
11000,진원생명과학,99835707045,21174063
87260,모바일어플라이언스,99300000000,15000000
2720,국제약품,98952946360,18057107
42940,상지카일룸,98950632820,39344188
54210,이랜텍,98909734980,20478206
221840,하이즈항공,98744611860,17696167
88130,동아엘텍,98548290960,10913432
120240,대정화금,98340415350,7100391
192250,케이사인,98300310640,64671257
150840,인트로메딕,98248702580,18966931
302550,리메드,98160479000,5166341
4450,삼화왕관,98024244500,2154379
300,대유플러스,97964033580,100682460
40,KR모터스,97942586775,189444075
137400,피엔티,97827249300,8974977
131100,리켐,97796398375,22769825
3610,방림,97745547900,42314090
17510,세명전기,97726860000,15246000
19660,글로본,97692764875,28523435
101160,월덱스,97249748770,16510993
205100,엑셈,97088137040,33249362
16740,두올,96898714400,27066680
11160,두산건설,96790437480,73326089
7590,동방아그로,96684796700,13617577
106190,하이텍팜,96407435200,7088782
214610,미코바이오메드,96316755330,11479947
68330,일신바이오,96170104500,44216140
4080,신흥,96000000000,9600000
31510,오스템,95940000000,26000000
51160,지어소프트,95900571900,14574555
220180,핸디소프트,95676203160,15406796
16600,큐캐피탈,95478855604,139998322
100840,S&TC,95335229700,7506711
64510,에코마이스터,95197236640,12659207
65710,서호전기,95017500000,5150000
100220,비상교육,95006176710,12996741
241820,피씨엘,94776338400,8941164
42510,라온시큐어,94633595700,31809612
285490,노바텍,94618060000,4626800
2300,한국제지,94593536100,5004949
41650,상신브레이크,94581737250,21471450
133820,화인베스틸,94560000000,29550000
5010,휴스틸,94508683200,7621668
2230,피에스텍,94412366400,19669243
69410,엔텔스,94174448550,6899227
71670,에이테크솔루션,94100000000,10000000
92460,한라IMS,94082511420,11459502
12320,경동인베스트,93891413100,2365023
204630,화이브라더스코리아,93709130625,28613475
44480,바이오제네틱스,93517528050,11559645
219550,MP한강,93487439150,56831270
4720,우리들제약,93372514680,11570324
99440,스맥,93366260120,27220484
246720,아스타,93352911990,11482523
37350,성도이엔지,93284100000,15470000
850,화천기공,93060000000,2200000
107590,미원홀딩스,93037782600,2331774
290550,디케이티,93014062900,8231333
15590,큐로,92801088624,124732646
41520,이라이콤,92634348000,12188730
57540,옴니시스템,92544759125,40679015
258830,세종메디칼,92516164650,6777741
149950,아바텍,92396400000,15607500
95500,미래나노텍,92342998345,23289533
104460,동양피엔에프,92137175000,10713625
900340,윙입푸드,92132736600,40409095
19010,그랜드백화점,92062000000,4820000
14190,원익큐브,92039755600,35399906
198440,고려시멘트,91942385000,31979960
8800,스튜디오썸머,91895465550,32244023
55490,테이팩스,91758292500,4717650
58860,케이티스,91703270000,34802000
80720,한국유니온제약,91507784000,5903728
65350,신성델타테크,91336141845,22088547
48470,대동스틸,91300000000,10000000
79970,투비소프트,91275865435,24972877
54620,APS홀딩스,91264138975,20394221
119830,아이텍반도체,91164653200,6420046
37370,EG,91125000000,7500000
12800,대창,91049358501,91140499
26150,특수건설,91018520980,14994814
36260,이매진아시아,90981745800,35679116
57880,토필드,90979317240,30945346
33540,파라텍,90770575280,16840552
4910,조광페인트,90752000000,12800000
53620,태양,90730000000,8600000
32940,원익,90568881600,17934432
39010,현대통신,90562500000,8625000
38460,바이오스마트,90304808800,19978940
69640,한세엠케이,90236160780,12909322
31860,엔에스엔,90190745120,21072604
246960,이노테라피,90190689600,4969184
4540,깨끗한나라,90122477060,37240693
10690,화신,89920055750,34920410
900280,골든센츄리,89757400000,93400000
80010,이상네트웍스,89699250000,9015000
65680,우주일렉트로,89606664400,9934220
25440,대성엘텍,89396224671,99661343
134380,미원화학,89129092800,2189904
40160,누리텔레콤,89090403650,12055535
47920,씨트리,89045038390,13848373
2200,수출포장,89000000000,4000000
216280,원텍,88977000000,3990000
163560,동일고무벨트,88920000000,13000000
9770,삼정펄프,88873969050,2499971
53450,세코닉스,88866396900,11248911
40300,YTN,88830000000,42000000
43340,에쎈테크,88560000000,72000000
17550,수산중공업,88535667320,53985163
4770,써니전자,88430616000,29976480
79190,EMW,88360067660,31784197
14580,백광소재,88265920000,27583100
5750,대림B&Co,88029427200,16672240
36090,위지트,88026668730,72749313
215100,로보로보,88013355030,17798454
145210,세화아이엠씨,87912180330,29402067
6980,우성사료,87910500000,30900000
203400,에이비온,87894559840,12396976
49630,재영솔루텍,87717874985,72794917
105740,디케이락,87680512800,8232912
1750,한양증권,87572313920,12728534
54930,유신,86850000000,3000000
10240,흥국,86628552880,12322696
19685,대교우B,86547240450,19426990
222420,쎄노텍,86529025500,39783460
53590,한국테크놀로지,86497267860,70322982
46390,삼화네트웍스,86365545330,42967933
32850,비트컴퓨터,86274890670,16623293
220100,퓨쳐켐,86237085000,5749139
24800,유성티엔에스,86130980700,27213580
90850,이지웰페어,86118690000,10901100
36120,SCI평가정보,85910000000,35500000
123410,코리아에프티,85889682440,27841064
4780,대륙제관,85877274600,15903199
10770,평화홀딩스,85851485420,14625466
46070,코다코,85746041920,39064256
170920,엘티씨,85727350200,7519943
6370,대구백화점,85598943010,10821611
122350,삼기오토모티브,85237362840,30827256
14570,고려제약,85140000000,11000000
27830,대성창투,84600000000,40000000
65450,빅텍,84525000000,24500000
33110,이디,84463407500,88908850
204020,엠코르셋,84417731700,10073715
238490,힘스,84276158200,5656118
6090,사조오양,84239286660,9422739
03473K,SK우,84071047500,566135
41590,에너전트,84057353100,44474790
176750,듀켐바이오,83824711600,6870878
290740,액트로,83750399100,5030054
13360,일성건설,83738564000,54024880
137950,제이씨케미칼,83599956500,19670578
23450,동남합성,83482213400,3621788
108860,셀바스AI,83371472100,22055945
11150,CJ씨푸드,83359393360,35930773
13310,아진산업,83272885470,30336206
290660,네오펙트,83233550450,11873545
139670,넥스트리밍,83150395350,7016911
3547,대신증권2우B,83100000000,10000000
42110,에스씨디,82885202260,48329564
117730,티로보틱스,82881695650,5399459
4090,한국석유,82555200000,655200
97870,효성오앤비,82522800000,8490000
83660,CSA 코스믹,82347662970,19747641
38870,에코바이오,82256297400,11585394
12790,신일제약,82160000000,7900000
17650,대림제지,81675000000,45000000
83650,비에이치아이,81510000000,26000000
90080,평화산업,81166341480,37403844
102210,해덕파워웨이,81066045500,73696405
50540,한국코퍼레이션,81061889370,38785593
47400,유니온머티리얼,81060000000,42000000
124500,아이티센,80992466920,15943399
6740,영풍제지,80919000000,22200000
123840,한일진공,80907917280,55606816
84730,팅크웨어,80903292320,10425682
73570,WI,80879438420,13872974
92600,앤씨앤,80819475000,13447500
14970,삼륭물산,80767500000,15125000
90370,메타랩스,80635123520,44549792
31310,아이즈비전,80440127400,15772574
100660,서암기계공업,80388000000,12600000
208140,정다운,80374260960,20529824
220,유유제약,80244196200,6368587
195990,유지인트,80210270469,105124863
33310,디케이디앤아이,80089438095,21972411
84670,동양고속,80062482850,2895569
33430,디에스티,80041286000,54081950
181340,이즈미디어,79961885000,7045100
80470,성창오토텍,79935000000,7300000
112240,에스에프씨,79827028710,43981834
49480,오픈베이스,79812852820,31422383
63760,이엘피,79795625000,4910500
6660,삼성공조,79637877200,8126314
33560,블루콤,79587406800,18088047
171090,선익시스템,79553767800,8999295
15230,대창단조,79400000000,2000000
214680,디알텍,79355165770,44209006
277070,린드먼아시아,79110000000,13500000
54180,중앙오션,79009150095,26468727
79960,동양이엔피,78993000000,7860000
50860,아세아텍,78925000000,17500000
39670,한류타임즈,78798287380,59922652
225650,쿠첸,78650998720,10686277
69730,DSR제강,78624000000,14400000
9310,참엔지니어링,78457983010,49189958
38680,에스넷,78286297050,16075215
21040,대호피앤씨,78230723820,73112826
241520,DSC인베스트먼트,78225000000,17500000
66430,와이오엠,78169489840,11563534
94840,슈프리마에이치큐,78119926400,10471840
8600,윌비스,78090000000,57000000
48430,유라테크,77990400000,11520000
21820,세원정공,77800000000,10000000
32800,판타지오,77793219010,72703943
31820,콤텍시스템,77758632250,47851466
32980,바이온,77726896260,46964892
60370,KT서브마린,77635500000,21900000
53280,예스24,77572000000,17200000
147830,제룡산업,77500000000,10000000
196300,애니젠,77499749250,5016165
94360,칩스앤미디어,77493302150,7415627
155660,DSR,77440000000,16000000
148140,비디아이,77227312500,7920750
14440,영보화학,77200000000,20000000
38160,팍스넷,77099546160,11077521
126600,코프라,77072064100,21115634
47560,이스트소프트,77017332000,9899400
69540,라이트론,76790652140,14168017
226340,본느,76672428960,29097696
92780,동양피스톤,76640437200,13168460
11700,한신기계,76572916360,32446151
115310,인포바인,76469547850,3192883
7610,선도전기,76410000000,18000000
36480,대성미생물,76380000000,3800000
93520,매커스,76289794240,16163092
60480,국일신동,76188300000,11090000
79950,인베니아,76096000000,23200000
5190,동성화학,76031787000,5335564
4590,한국가구,75750000000,3000000
156100,엘앤케이바이오,75558939360,10778736
78940,코드네이처,75552093470,50706103
37230,한국팩키지,75500000000,25000000
66670,디스플레이텍,75421889130,18691918
17480,삼현철강,75373872000,15702890
43200,파루,75355620180,29667567
6140,피제이전자,75150000000,15000000
47080,한빛소프트,75082903080,24779836
5860,한일사료,75064019925,39403685
58220,아리온,74994492852,90573059
66360,체리부로,74837310765,27872369
83450,GST,74821492350,9317745
39290,인포뱅크,74681271020,8693978
78590,두올산업,74326472000,21115475
176440,에이치엔티,74277338640,14202168
37760,쎄니트,74263261595,33832921
109860,동일금속,74200000000,7000000
16670,포비스티앤씨,74144407300,40078058
1070,대한방직,73935000000,5300000
78860,아이오케이,73930660620,39747667
9190,대양금속,73907598000,12317933
53110,소리바다,73827764320,56357072
46940,우원개발,73807357870,17124677
40610,SG&G,73798779340,34087196
49430,코메론,73741200000,9048000
59210,메타바이오메드,73734664590,23862351
114120,크루셜텍,73660039040,65767892
52860,아이앤씨,73604877080,15795038
63440,SM Life Design,73576729620,44190228
2920,유성기업,73561162500,25947500
134780,화진,73560710880,24039448
500,가온전선,73430124550,4160347
204990,현성바이탈,73270034745,31650123
56090,유앤아이,73167966900,7742642
39020,이건홀딩스,73061533615,22584709
1080,만호제강,73040000000,4150000
50320,에이앤티앤,72970870420,22661761
119850,지엔씨에너지,72842351160,16295828
208860,엔지스테크널러지,72800750400,9381540
43650,국순당,72772588800,17858304
36710,심텍홀딩스,72724630165,35736919
3010,혜인,72716912840,12712747
90410,덕신하우징,72708900000,40060000
24890,대원화성,72598507520,41249152
148250,알엔투테크놀로지,72503908800,6359992
57030,와이비엠넷,72428374680,16312697
94170,동운아나텍,72400489400,12482843
24840,갑을메탈,72327111360,32950848
50120,라이브플렉스,72171727818,83243054
129260,인터지스,72138594450,29747874
197210,리드,71925603750,14753970
590,CS홀딩스,71924228600,1154482
65940,바이오빌,71919049110,43987186
24120,KB오토시스,71645000000,11500000
43910,자연과환경,71633143270,33949357
220260,켐트로스,71414119260,24045158
95910,에스에너지,71365474140,13364321
157,두산2우B,71363594000,985685
8260,NI스틸,71357291915,28600117
53260,금강철강,71136000000,18720000
263600,덕우전자,71125278820,8110066
207760,미스터블루,71064511600,24505004
84180,수성,70970767800,12194290
25550,한국선재,70869314060,24522254
109820,진매트릭스,70783218450,17740155
36010,아비코전자,70718408880,13292934
83420,그린케미칼,70700000000,20000000
187790,나노,70645145200,25230409
43710,서울리거,70574015480,25115308
101400,엔시트론,70368712680,103483401
33200,모아텍,70151150575,14331185
217330,싸이토젠,70141606800,5633864
18680,서울제약,70090221740,8485499
219750,지티지웰니스,70000750400,6250067
51490,나라엠앤디,69864000000,14200000
154030,아시아종묘,69853785620,9215539
39980,리노스,69846738900,37754994
218150,미래생명자원,69831140720,18671428
68050,팬엔터테인먼트,69814424760,13742997
19590,엠벤처투자,69764928800,60142180
88390,이녹스,69757296240,9350844
150440,피노텍,69731853480,9565412
180060,탑선,69577927540,8006666
149980,하이로닉,69134724225,14094745
8870,금비,69100000000,1000000
37330,인지디스플레,68892087510,35603146
33130,디지틀조선,68848820285,37115267
39420,케이엘넷,68840980500,24154730
52300,W홀딩컴퍼니,68798961920,132305696
38070,서린바이오,68729139360,6900516
1020,페이퍼코리아,68604740490,73374054
79660,사조해표,68592800000,7160000
2820,선창산업,68587460160,12607989
37440,희림,68568189375,13922475
78650,코렌,68562953880,30071471
101240,씨큐브,68509252910,8050441
81150,티플랙스,68436893640,24268402
6890,태경화학,68324000000,11600000
56360,코위버,68283696000,9796800
58530,슈펙스비앤피,68193286560,58787316
123570,이엠넷,68053418290,22276078
39310,세중,68046859585,18121667
59120,아진엑스텍,68000507850,6945915
67570,엔브이에이치코리아,67928055030,28722222
85670,뉴프렉스,67805104995,21156039
7280,한국특수형강,67780561550,32353490
219420,링크제니시스,67700000000,10000000
142210,유니트론텍,67537260000,9931950
141020,포티스,67537170850,49297205
208350,지란지교시큐리티,67444078980,38872668
79650,서산,67400000000,20000000
56730,포스링크,67399247280,46163868
900080,에스앤씨엔진그룹,67325218592,123759593
252500,세화피앤씨,67311667775,20743195
78935,GS우,67287940200,1784826
99220,SDN,67228515195,42415467
35480,마제스타,67155378250,45529070
71280,로체시스템즈,66999121140,15296603
4410,서울식품,66807180000,337410000
46970,우리로,66688110110,24791119
4270,남성,66630374400,36212160
131090,시큐브,66600000000,36000000
66910,손오공,66564329440,21896161
17250,인터엠,66293221050,21045467
260870,시그넷이브이,66130653900,4757601
66900,디에이피,66072781215,22744503
8420,문배철강,66021286100,20503505
85810,알티캐스트,66004027600,21223160
11500,한농화성,65910132030,15637042
12280,영화금속,65903958700,45451006
49830,승일,65613598400,6132112
64290,인텍플러스,65598289020,11043483
60300,레드로버,65501834750,47637698
6570,대림통상,65315250000,15225000
73110,엘엠에스,65294841700,8895755
217500,러셀,65214600000,31812000
275630,에스에스알,65188811250,5794561
58630,엠게임,65081110410,19543877
160600,에스엔텍,65005509450,11755065
910,유니온,64944335040,15611619
140520,대창스틸,64800000000,20000000
18470,조일알미늄,64797600000,69600000
114450,KPX생명과학,64650000000,15000000
10470,오리콤,64622975000,11498750
92870,엑시콘,64494210000,8883500
2680,한탑,64480000000,20800000
45660,에이텍,64428000000,8260000
5670,푸드웰,64400000000,8000000
46110,한일네트웍스,64313741260,11954227
49720,고려신용정보,64207000000,14300000
253590,네오셈,64093066800,35906480
225430,케이엠제약,63936865750,19887050
177830,파버나인,63923101600,10834424
1560,제일연마,63900000000,10000000
258250,셀젠텍,63847542000,3869548
68940,아이씨케이,63762531490,31179722
217820,엔에스,63700000000,4900000
93230,이아이디,63695627048,242188696
25820,이구산업,63539800000,33442000
45060,오공,63532402500,16941974
54090,삼진엘앤디,63521245440,24959232
6920,모헨즈,63445200000,10920000
80520,오디텍,63431688600,11746609
33230,인성정보,63413877010,19158271
131180,딜리,63396000000,29350000
265560,영화테크,63339316500,5345090
303360,프로테옴텍,63164204000,4356152
1810,무림SP,63091875000,22137500
138610,나이벡,62941283570,6402979
72770,네오디안테크놀로지,62925656500,35957518
215480,토박스코리아,62891648780,39804841
217950,파마리서치바이오,62765560500,4049391
115500,케이씨에스,62640000000,12000000
215090,한컴유니맥스,62624700150,18152087
26940,부국철강,62600000000,20000000
4140,동방,62580649560,33465588
9810,엔케이물산,62553816710,81238723
71850,캐스텍코리아,62465838760,16569188
120115,코오롱인더우,62415243000,2767860
84650,랩지노믹스,62357570750,9103295
36690,코맥스,62189247575,14279965
52220,iMBC,62100000000,23000000
127710,아시아경제,61868460850,25252433
42600,새로닉스,61807280650,12423574
104040,대성파인텍,61663523570,31301281
13700,까뮤이앤씨,61632862200,45152280
184230,SGA솔루션즈,61537752870,33905098
41920,메디아나,61505026560,8650496
12170,키위미디어그룹,61355526150,197284650
264660,씨앤지하이테크,61275949200,8405480
208710,바이오로그디바이스,61195645320,27565606
215380,우정바이오,61142146285,25109711
86670,비엠티,61098967500,8146529
170030,현대공업,60823100000,15340000
234100,세원,60769804275,22382985
10280,쌍용정보통신,60696051000,40464034
1620,동국실업,60692664168,66042072
114630,우노앤컴퍼니,60404144250,13573965
6805,미래에셋대우우,60314588750,14075750
60540,에스에이티,60237270330,26133306
39230,에이아이비트,60236200112,64631116
191600,티케이씨,60190000000,2600000
106240,파인테크닉스,60173579200,37608487
52670,제일바이오,60150000000,15000000
214310,세미콘라이트,60113427440,65340682
27580,상보,60080831800,28340015
118000,우리들휴브레인,60016106930,24298019
49120,파인디앤씨,59988030680,26025176
269620,시스웍,59760000000,18000000
32680,소프트센,59731080175,32729359
246690,티에스인베스트먼트,59639870640,22421004
93240,형지엘리트,59505664180,31154798
3310,대주산업,59459148000,35392350
14910,성문전자,59434913850,19486857
54300,팬스타엔터프라이즈,59338640640,46358313
45510,정원엔시스,59265097280,32209292
64820,케이프,59226289360,25528573
222810,한류AI센터,59176083200,15993536
14130,한익스프레스,58980000000,12000000
123330,제닉,58800000000,7000000
48770,TPC,58630500000,12900000
161570,THE MIDONG,58546131570,13791786
222980,한국맥널티,58456250000,4975000
256940,케이피에스,58408350000,4279000
2710,TCC동양,58313925000,22342500
159910,스킨앤스킨,58147738488,115372497
138070,신진에스엠,58050024010,8972183
1275,부국증권우,58050000000,3000000
23350,한국종합기술,58035000000,10950000
43220,에이치엘비파워,57929257480,59720884
131400,액트,57831320790,17366763
105550,트루윈,57757076140,11043418
72130,유엔젤,57598156710,13195454
53660,현진소재,57575749700,23500306
128660,피제이메탈,57171765545,24803369
42500,링네트,57133558350,14936878
5305,롯데칠성우,56985285000,77531
94190,이엘케이,56922108455,72327965
13810,스페코,56863223600,14655470
277880,티에스아이,56669049000,5842170
290120,대유에이피,56596800000,10884000
84870,TBH글로벌,56521979490,20856819
2140,고려산업,56487797625,24939425
83500,에프엔에스테크,56334344550,7015485
56700,신화인터텍,56230725630,29135091
234070,에이원알폼,56179883400,3533326
24060,흥구석유,56175000000,15000000
133750,메가엠디,56033325465,22368593
21050,서원,56020016200,47474590
30350,드래곤플라이,55949676045,16008491
104540,코렌텍,55946171390,9937153
226440,한송네오텍,55837421280,39601008
37030,파워넷,55604512820,12009614
96610,알에프세미,55547434800,8120970
54920,한컴시큐어,55445302770,14964994
263860,지니언스,55345356000,9444600
88790,진도,55330222080,12447744
3280,흥아해운,55327680450,175643430
128540,에코캡,55177852000,14558800
81580,성우전자,55131448365,15508143
277410,인산가,55088941050,26358345
189980,흥국에프엔비,54912856680,7341291
237750,피앤씨테크,54896270000,6496600
6880,신송홀딩스,54767612540,11828858
101170,우림기계,54742500000,13500000
8470,부스타,54715248000,8404800
71950,코아스,54705761700,30907210
28040,미래SCI,54611944050,31659098
87600,픽셀플러스,54552607440,8166558
226610,한국비엔씨,54198920990,6028801
52190,이에스에이,54048293760,28150153
49800,우진플라임,54000000000,10000000
89530,에이티세미콘,53997119550,71142450
94970,제이엠티,53929332800,16748240
20180,대신정보통신,53800481000,38428915
250000,보라티알,53735834680,6750733
233990,질경이,53692800000,13440000
38530,골드퍼시픽,53663235600,17199755
65570,삼영이엔씨,53416000000,8800000
760,이화산업,53340000000,2800000
50760,에스폴리텍,53332723670,16334678
51630,진양화학,53220000000,12000000
96690,제이스테판,53202425926,267348874
5360,모나미,52912459600,18897307
213090,미래테크놀로지,52822400440,6120788
1000,신라섬유,52803649500,24277540
23440,제일제강,52791383470,29492393
242040,나무기술,52720573400,28192820
9140,경인전자,52700239350,1570797
101930,인화정공,52537499150,9331705
67920,이글루시큐리티,52451487630,10996119
233250,메디안디노스틱,52396020000,1746534
139050,데일리블록체인,52192595900,30701527
23810,인팩,52100000000,10000000
263810,상신전자,52032123760,8117336
52900,KMH하이텍,51808476395,46885499
73010,케이에스피,51754927510,36192257
23460,CNH,51708000000,37200000
6050,국영지앤엠,51644959640,34895243
49470,SGA,51360708969,96724499
66410,버킷스튜디오,51349326390,23447181
49550,잉크테크,51263782400,16019932
90740,연이정보통신,51040000000,16000000
123700,SJM,51028016460,15604898
65500,오리엔트정공,50871119908,117214562
101730,조이맥스,50861299320,8505234
221980,케이디켐,50838480000,4034800
127120,디엔에이링크,50668928515,11476541
230980,솔트웍스,50627878060,12625406
51390,YW,50588164440,11355368
57680,옴니텔,50547960000,33698640
105,유한양행우,50544232000,236188
2220,한일철강,50448465800,2232233
293580,나우아이비캐피탈,50433600000,9480000
65690,대진디엠피,50338449945,13963509
238120,로고스바이오,50326136000,3594724
24910,경창산업,50325702025,35819005
24830,세원물산,50183500000,8350000
10660,화천기계,50160000000,2200000
97800,윈팩,50155716110,36083249
4830,덕성,50097600000,15680000
10100,한국프랜지,50090940900,30450420
76080,웰크론한텍,50052251205,19362573
39240,경남스틸,50000000000,25000000
25950,동신건설,49980000000,8400000
23150,MH에탄올,49952621020,7378526
36640,HRS,49800366000,16354800
8370,원풍,49680000000,12000000
00499K,롯데지주우,49578674600,987623
96300,베트남개발1,49556742659,129390973
75970,동국알앤에스,49496000000,18400000
6110,삼아알미늄,49445000000,11000000
900120,씨케이에이치,49240387822,110404457
53050,지에스이,49029721095,29987597
229480,줌인터넷,49017626830,10808738
75130,플랜티넷,49011200000,8960000
110020,전진바이오팜,48990979800,4733428
17000,신원종합개발,48880271085,10068027
44960,이글벳,48797668380,12641883
18620,우진비앤지,48688149375,25967013
4100,태양금속,48627500000,36700000
3780,진양산업,48490000000,13000000
2690,동일제강,48375000000,15000000
19570,제미니투자,48371317620,52864828
38340,UCI,48364030800,13434453
115480,씨유메디칼,48308576160,15890979
101390,아이엠,48280031565,37572009
43100,솔고바이오,48194283930,161725785
89850,유비벨록스,48173268690,7115697
25530,SJM홀딩스,48012835720,14934008
2410,범양건영,47925397160,24831812
7370,진양제약,47880000000,12000000
91340,S&K폴리텍,47751181680,11703721
177350,베셀,47735449520,11192368
212560,네오오토,47643526150,7874963
85910,네오티스,47634157350,11013678
19990,에너토크,47512148560,9756088
173130,오파스넷,47505643600,4025902
263800,데이타솔루션,47470111600,15718580
223310,이에스브이,47464702320,113011196
71090,하이스틸,47398672800,1999944
92300,현우산업,47032356780,14317308
15260,에이엔피,47021805024,82784868
171010,램테크놀러지,46991243900,11461279
32960,동일기연,46930276700,3149683
2870,신풍제지,46844658000,34958700
60900,퍼시픽바이오,46714732854,51110211
32540,TJ미디어,46670890150,13931609
115440,우리넷,46596997200,6365710
189860,서전기전,46457156200,9698780
440,중앙에너비스,46454389800,6227130
41020,인프라웨어,46454318400,37463160
12860,서연전자,46440000000,27000000
192390,윈하이텍,46293462600,10020230
147760,마이크로프랜드,46254927150,10819866
111820,지와이커머스,46253270250,20557009
189690,포시에스,46221942450,7515763
21650,한국큐빅,46190340475,16350563
12340,뉴인텍,46175881471,54133507
50090,휘닉스소재,46046535372,69138942
96640,멜파스,46021731915,21257151
38620,위즈코프,46014464820,38830772
900040,차이나그레이트,45941293305,125866557
19180,티에이치엔,45900000000,18000000
53270,구영테크,45793891890,26394174
24740,한일단조,45733731840,29891328
21880,메이슨캐피탈,45724012088,99184408
50960,수산아이앤티,45636760000,6751000
126340,비나텍,45576300000,4143300
123750,알톤스포츠,45568011775,12746297
205470,휴마시스,45287844535,28042009
96040,이트론,45110529688,239949626
122690,서진오토모티브,45042572030,19541246
206400,엔터메이트,44890603004,45435833
155900,바다로19호,44840011800,15200004
900070,글로벌에스엠,44768725344,53743968
27970,세하,44492310485,29562997
60260,뉴보텍,44459785945,26863919
224110,에이텍티앤,44322000000,5340000
65440,이루온,44321907500,27275020
24900,덕양산업,44288372800,32564980
86250,화신테크,44180068700,9905845
28080,휴맥스홀딩스,44021271000,12577506
65770,CS,43980075250,18835150
136660,큐엠씨,43913670000,9443800
69140,누리플랜,43875690760,5390134
3465,유화증권우,43865826750,3495285
20120,키다리스튜디오,43856160730,15832549
19540,일지테크,43851307500,13513500
79000,와토스코리아,43704000000,7200000
64480,브리지텍,43626625000,11952500
2070,남영비비안,43611450750,6867945
46310,백금T&A,43448267340,15407187
93380,풍강,43419580635,9879313
216400,바이오코아,43417558800,6891676
53290,NE능률,43328072820,13497842
89790,제이티,43325154600,10315513
54540,삼영엠텍,43290000000,13000000
290270,휴네시온,43186485640,4803836
89150,케이씨티,43132250000,17150000
11420,갤럭시아에스엠,43115192860,27549644
126640,화신정공,43103056095,36373887
119500,포메탈,42946216000,11847232
136510,쎄미시스코,42930000000,5400000
207490,에이펙스인텍,42840000000,3600000
86060,진바이오텍,42794617390,8610587
23960,에쓰씨엔지니어링,42778363770,25016587
82850,우리이티아이,42764179630,41518621
221610,한솔씨앤피,42732301100,3993673
114190,웰크론강원,42693919680,15696294
154040,솔루에타,42605215650,12086586
80530,코디,42585046700,11862130
51980,중앙리빙테크,42394727760,32117218
44380,주연테크,42373732830,98773270
54630,에이디칩스,42355907440,25748272
59100,아이컴포넌트,42354451400,7070860
246250,에스엘에스바이오,42334238600,6828103
153490,우리이앤엘,42315200000,49900000
52460,아이크래프트,42289974720,14607936
72990,에이치시티,42272790820,4579934
32860,GMR 머티리얼즈,42224275000,67558840
13000,세우글로벌,42169454900,23690705
32750,삼진,42120000000,6000000
109070,컨버즈,42016575200,12888520
7120,미래아이앤지,41849276876,103587319
25880,케이씨피드,41789645000,16715858
203450,유니온커뮤니티,41761774915,14679007
263540,샘코,41746942060,7936681
109080,옵티시스,41650040000,5636000
32080,아즈텍WB,41519617740,20916684
145270,케이탑리츠,41515699947,44212673
66310,큐에스아이,41391150000,8278230
189330,씨이랩,41384870000,2237020
236030,씨알푸드,41382000000,1980000
225590,패션플랫폼,41310837400,25189535
65420,에스아이리소스,41281932996,64603964
1420,태원물산,41192000000,7600000
38950,파인디지털,41098329125,10210765
226400,오스테오닉,40938975440,8458466
12620,원일특강,40920000000,4400000
18500,동원금속,40910566375,46754933
150900,파수닷컴,40667928120,9546462
197140,디지캡,40580553780,7391722
2840,미원상사,40529362000,774940
279600,미디어젠,40484191000,3680381
24070,WISCOM,40344595200,15025920
7770,한일화학,40189500000,3510000
54040,한국컴퓨터,40178225000,16071290
16920,카스,40156589440,21474112
30720,동원수산,40022723000,4653805
5820,원림,39930000000,2200000
54940,엑사이엔씨,39808257600,33173548
2290,삼일기업공사,39804000000,12400000
45300,성우테크론,39792571725,9054055
32580,피델릭스,39783660450,21799266
100030,모바일리더,39732939400,3283714
33790,스카이문스테크놀로지,39711672000,17117100
64850,에프앤가이드,39655512000,11015420
51380,피씨디렉트,39600458240,8114848
53160,프리엠스,39420000000,6000000
1140,국보,39281798400,1682304
19770,서연탑메탈,39260500000,11650000
228180,티씨엠생명과학,39231750600,2075754
9180,한솔로지스틱스,39017943500,27477425
131220,대한과학,38837892900,7454490
44180,KD건설,38784885480,391766520
205500,액션스퀘어,38668802260,26485481
35460,기산텔레콤,38629951000,14577340
141070,맥스로텍,38543008350,24866457
175140,인포마크,38459004800,3628208
51780,큐로홀딩스,38303392652,63416213
48830,엔피케이,38196802920,18723923
6200,한국전자홀딩스,38144555840,46803136
8775,호텔신라우,38120265300,751879
263020,디케이앤디,38000873790,7763202
172580,하이골드12호,37763827500,13044500
38010,제일테크노스,37710000000,9000000
187270,신화콘텍,37532226500,10143845
103230,에스앤더블류,37440000000,7200000
52600,한네트,37350751000,11563700
36620,버추얼텍,36852223428,39456342
72950,빛샘전자,36780000000,6000000
5320,국동,36713868345,13828199
62860,티엘아이,36627791200,9872720
186230,그린플러스,36585952000,2814304
134580,디엠티,36562500000,11250000
311840,대원모방,36486112000,1593280
10580,지코,36425939494,50521414
93640,다믈멀티미디어,36231343200,7945470
15540,메디파트너생명공학,36219233970,5512821
66790,씨씨에스,36193713705,85564335
8110,대동전자,36192042150,10490447
43260,성호전자,35954023430,35598043
14940,오리엔탈정공,35912044868,45573661
115530,씨엔플러스,35809930359,42681681
18700,바른손,35707768875,16417365
1210,금호전기,35580552900,6976579
70300,한솔시큐어,35578137420,7366074
221800,유투바이오,35539537000,1900510
28513K,SK케미칼우,35445681000,1458670
11230,삼화전자,35190968100,10457940
33050,제이엠아이,35185689360,32579342
122800,썬텍,35153085000,35153085
3925,남양유업우,34999020000,166662
56000,신스타임즈,34971417000,14016600
70590,한솔인티큐브,34906995315,13879521
86220,네추럴FNP,34893754500,10573865
140890,트러스제7호,34821170000,9686000
5450,신한,34727938855,7022839
43590,크로바하이텍,34717000000,23300000
32280,삼일,34291742850,16213590
143540,영우디에스피,34269630445,30193507
284420,휴럼,34269486000,3645690
3680,한성기업,34179096960,5933871
94860,코닉글로리,34119592392,47653062
258540,스템랩,34064604000,1737990
232530,이엠티,34051885560,10044804
73540,에프알텍,33915000000,11400000
78350,한양디지텍,33750000000,10000000
115570,스타플렉스,33688491480,6453734
76610,해성옵틱스,33683500000,16675000
191410,육일씨엔에쓰,33379173430,9363022
11300,성안,33375563820,56857860
67010,이씨에스,33375000000,7500000
38110,에코플라스틱,33370181000,25669370
243870,굿센,33312287250,1345951
24850,피에스엠씨,33227080458,38726201
23790,동일철강,33016157075,7345085
170790,파이오링크,32670412450,6856330
35200,프럼파스트,32548823550,9730590
219130,타이거일렉,32518593500,6314290
60380,동양에스텍,32250000000,10000000
101670,코리아에스이,32130000000,18900000
227100,디자인,31797874500,2660910
108675,LG하우시스우,31692531000,1032330
79170,한창산업,31564000000,5200000
196700,웹스,31369510040,13698476
130500,GH신소재,31185000000,11000000
299480,지앤이헬스케어,31082080400,11100743
11080,형지I&C,31008711728,38955668
258610,이더블유케이,30999964800,7380944
206950,볼빅,30956664200,4183333
208370,셀바스헬스케어,30829881495,13147071
123010,옵토팩,30772313530,4987409
15020,이스타코,30638894000,42851600
115610,이미지스,30599820720,7669128
251960,엠에프엠코리아,30160000000,10400000
8830,대동기어,30108192000,898752
153360,하이골드3호,29957860450,16149790
4920,씨아이테크,29925198432,54212316
99410,동방선기,29857909410,13541002
950,전방,29652000000,1680000
200580,메디쎄이,29564351500,3478159
82660,삼우엠스,29467972800,42097104
20400,대동금속,29424000000,480000
236340,메디젠휴먼케어,29387373000,2304892
77280,한컴지엠디,29357015805,11766339
73190,듀오백,29321698000,11968040
10420,한솔PNS,29305007160,20493012
90150,광진윈텍,29216638825,9658393
44780,에이치케이,29054085590,18505787
3475,유안타증권우,28923354880,12912212
98660,에스티오,28747489600,8455144
58420,제이웨이,28728025500,18534210
106520,디지탈옵틱,28620646070,54001219
130740,티피씨글로벌,28523269125,9751545
900110,이스트아시아홀딩스,28449179046,109000686
103130,웅진에너지,28285852308,30947322
2420,세기상사,28083088800,407592
58450,일야,28063500000,15900000
227950,마이크로텍,27836359520,19000928
1770,신화실업,27820706200,1214878
5030,부산주공,27781290368,42349528
64520,바른전자,27763355598,66419511
105330,케이엔더블유,27627373360,5661347
9620,삼보산업,27555000000,4125000
67730,로지시스,27462310680,9340922
3720,삼영화학,27438000000,34000000
122050,아이엘사이언스,26862795480,6724104
1465,BYC우,26707740000,215385
153460,네이블,26642457120,6530014
251280,안지오랩,26185753000,1805914
23770,플레이위드,26132878380,3660067
2355,넥센타이어1우B,26000000000,6500000
37400,우리조명,25920279840,24923346
113810,디젠스,25906672494,32628051
45340,토탈소프트,25716910200,8558040
39740,한국정보공학,25458410475,8018397
54220,비츠로시스,25363340295,52295547
267060,명진홀딩스,25329839760,7175592
52770,와이디온라인,25295832170,31423394
24940,PN풍년,25250000000,10000000
43360,디지아이,25245000000,9000000
98120,마이크로컨텍솔,25146117150,8312766
158310,인터불스,25047060240,9345918
159650,하이골드8호,25041960720,14905929
91440,텔레필드,25016879250,9097047
226350,아이엠텍,24892910460,24646446
12600,청호컴넷,24835883680,8376352
67770,세진티에스,24769949350,8396593
211050,인카금융서비스,24672005100,4493990
76340,관악산업,24332942700,4871460
54410,케이피티유,24136200000,5060000
121850,코이즈,24014875200,10532840
4365,세방우,23869447500,3689250
33600,에이코넬,23798019720,17826232
204210,모두투어리츠,23793517600,7826815
8500,일정실업,23760000000,1200000
80580,오킨스전자,23405000000,6200000
96870,엘디티,23341008000,6678400
149010,아이케이세미콘,23088000000,3120000
178780,유테크,23034439975,17384483
178600,대동고려삼,22692960000,4449600
135160,지오씨,22681002960,6811112
33250,체시스,22608000000,24000000
134060,이퓨쳐,22606245000,4769250
26910,광진실업,22418917500,6405405
7530,영신금속,22393529160,12832968
25890,한국주강,22392332820,11309259
302920,더콘텐츠온,22359828000,2599980
13720,청보산업,22123575555,8178771
99520,ITX엠투엠,22064615540,16466131
232830,시큐센,22003241200,1606076
10640,진양폴리,21950000000,10000000
65370,위세아이텍,21930000000,3400000
140910,에이리츠,21687863100,3675909
6125,SK디스커버리우,21667357250,1358455
79810,디이엔티,21595769650,8979530
58110,멕아이씨에스,21446000000,5361500
217190,제너셈,21396784560,8769174
215570,크로넥스,21393750000,1018750
17680,데코앤이,21236655804,116684922
29480,바른테크놀로지,21039876700,33935285
19490,하이트론,20933831975,5530735
195440,퓨전데이타,20904037700,29862911
308700,테크엔,20760000000,4000000
258050,테크트랜스,20684918400,6464037
54340,피앤텔,20565442788,30786591
288490,나라소프트,20534330000,24770000
101680,한국정밀기계,20253640000,8404000
205290,케미메디,20234687040,8159148
121890,에스디시스템,19978905840,8762678
281310,바이오시네틱스,19845044000,2611190
25870,신라에스지,19820000000,4000000
112190,KC산업,19816437290,6627571
239890,피엔에이치테크,19570000000,2060000
266870,파워풀엑스,19482387200,6408680
88290,이원컴포텍,19020901110,14247866
00806K,대덕전자1우,18954129480,3307876
131760,파인텍,18940431300,11513940
230400,자비스,18853500000,3142250
44990,에이치엔에스하이텍,18777660000,7511064
725,현대건설우,18733212000,98856
69330,유아이디,18366638640,11887792
53060,세동,18177939000,21411000
1685,대상우,17949921300,1370223
242350,피엔아이컴퍼니,17903315200,4761520
99340,하나니켈1호,17795348400,22756200
225220,제놀루션,17591131870,3146893
244880,나눔테크,17570000000,5020000
239340,미래에셋제5호스팩,17520000000,4800000
224810,엄지하우스,17283000000,4200000
221670,주노콜렉션,17068999200,3373320
232680,라온테크,17068820000,4267205
87,하이트진로2우B,16952070000,1130138
2025,코오롱우,16845503500,1076390
123260,파인넥스,16834861995,24015495
106080,지투하이소닉,16475255832,20645684
217880,틸론,16385164560,3330318
80440,에스제이케이,16071792390,9398709
202960,판도라티비,15966879880,11915582
273060,엔에이치스팩12호,15808550000,7510000
158300,에스에이티이엔지,15745050000,3210000
210120,빅텐츠,15690600000,1895000
199150,데이터스트림즈,15652824360,4097598
182690,테라셈,15362974000,13966340
3495,대한항공우,15328957200,1110794
291230,삼성스팩2호,15251000000,7550000
9415,태영건설우,15191431200,2557480
75,삼양홀딩스우,15172494200,304058
185190,수프로,15114390500,3695450
278990,파인이엠텍,14859310200,3624222
5257,녹십자홀딩스2우,14847124500,845990
238500,로보쓰리,14514714600,4682166
145995,삼양사우,14506744000,370070
08537M,루트로닉3우C,14497382500,935315
266170,앤유엔터테인먼트,14416215930,2194249
256630,엔에이치스팩10호,14385000000,7000000
212310,휴벡셀,14363822430,2025927
299670,에스엠비나,14279000000,1090000
256840,엔에이치스팩11호,14206400000,6830000
19175,신풍제약우,14146000000,2200000
222670,플럼라인생명과학,14033520000,2403000
224880,SGA임베디드,13784674800,4418165
9835,한화케미칼우,13765778250,1123737
5725,넥센우,13646274000,3600600
120780,전우정밀,13593500000,3100000
1515,SK증권우,13204734750,3912514
194510,파티게임즈,13125755600,24488350
252370,유쎌,13005000000,1275000
199290,바이오프로테크,12822760000,3205690
277480,신한제4호스팩,12500800000,6010000
222160,바이옵트로,12166404800,5530184
4255,NPC우,11880000000,5280000
148780,비플라이소프트,11793114200,4745720
225860,엠앤씨생명과학,11698834760,11358092
12205,계양전기우,11676000000,1400000
121060,유니포인트,11395081350,598167
241510,이에스산업,11367700000,5983000
4105,태양금속우,11203500000,3300000
284620,하나금융11호스팩,11126060000,5401000
317030,케이비17호스팩,10976610000,5461000
3535,한화투자증권우,10944000000,4800000
271400,알로이스,10905600000,2726400
250930,케이비제10호스팩,10836800000,5210000
163430,디피코,10820700000,3005750
270660,에브리봇,10784448000,1123380
162120,루켄테크놀러지스,10661352000,1640208
86460,에스엔피제네틱스,10651284000,1823850
291210,한국제7호스팩,10524800000,5060000
217320,썬테크,10500000000,1050000
307070,SK4호스팩,10474800000,5160000
240340,인터코스,10373601300,3346323
262830,대신밸런스제4호스팩,10345650000,5010000
307750,대신밸런스제6호스팩,10145250000,5010000
265480,미래에셋대우스팩1호,10067200000,4840000
885,한화우,10065174000,479294
306620,DB금융스팩6호,10018800000,4840000
281740,동부스팩5호,10018800000,4840000
225850,미애부,9996999000,3332333
192410,감마누,9969806400,24435800
210610,소프트캠프,9688455000,1937691
254120,IBKS제5호스팩,9675000000,4500000
270520,하나금융10호스팩,9618180000,4602000
58970,엠로,9605925000,4815000
3415,쌍용양회우,9601720700,1543685
103660,씨앗,9594960600,3697480
83470,KJ프리텍,9560730123,24704729
307160,하나머스트제6호스팩,9524250000,4590000
307870,골든브릿지이안5호,9500000000,4750000
281410,한국제6호스팩,9448450000,4510000
309930,삼성머스트스팩3호,9363600000,4590000
313750,유안타제4호스팩,9346500000,4650000
14285,금강공업우,9320025000,117975
311060,엘에이티,9309489000,1059100
271850,다이오진,9300000000,3000000
265920,한화수성스팩,9235200000,4440000
270210,에스알바이오텍,9232381200,462776
264850,IBKS제6호스팩,9126225000,4315000
6345,대원전선우,9043140000,2621200
299170,IBKS제10호스팩,9028050000,4330000
4415,서울식품우,8986980000,2224500
307180,신영스팩4호,8884200000,4355000
18064K,한진칼우,8883477300,536766
261200,하나금융9호스팩,8839500000,4260000
7575,일양약품우,8768076000,445080
107640,한중엔시에스,8728500000,3795000
287410,유안타제3호스팩,8660575000,4235000
66830,제노텍,8622516980,5599037
225,유유제약1우,8614334000,1133465
270020,두원석재,8590795320,3112607
4985,성신양회우,8533482000,735645
303030,대신밸런스제5호스팩,8507700000,4110000
271740,한국제5호스팩,8500000000,4000000
267320,교보7호스팩,8462100000,4020000
183410,골프존데카,8427880050,4111161
208850,이비테크,8370687500,2256250
7815,코리아써우,8360425800,2964690
116100,태양기계,8174381660,6239986
83380,동북아13호,7991726400,1585660
1795,대한제당우,7973794800,648276
83370,동북아12호,7960013200,1585660
307280,교보8호스팩,7849200000,3720000
276920,IBKS제7호스팩,7738000000,3650000
5745,크라운해태홀딩스우,7719329100,600726
297570,IBKS제9호스팩,7714200000,2760000
232330,SK3호스팩,7668000000,3600000
14915,성문전자우,7650000000,600000
140290,청광종건,7578561800,10555100
267810,앙츠,7549360000,1547000
30270,에스마크,7547575598,7562701
257730,신한제3호스팩,7500700000,3505000
311270,키움제5호스팩,7308000000,3600000
279410,한화에이스스팩4호,7269600000,3495000
8355,남선알미우,7235415000,307890
276240,엘리비젼,7232824800,2340720
310870,한국제8호스팩,7113600000,3420000
310840,엔에이치스팩13호,6976800000,3420000
4565,현대비앤지스틸우,6865750000,109852
114920,대주이엔티,6782872500,3469500
258790,케이비제11호스팩,6773100000,3210000
285770,라이프사이언스테크놀로지,6705300000,3193000
183350,엘피케이,6577653600,4698324
264290,한화에이스스팩3호,6514200000,3080000
2995,금호산업우,6488305200,292266
140660,위월드,6466855200,2487252
310200,미래에셋대우스팩2호,6405000000,3050000
1745,SK네트웍스우,6273369600,113648
21045,대호피앤씨우,6257637350,4242466
189350,코셋,6200000000,4000000
26490K,크라운제과우,6149802000,773560
215050,비엔디생활건강,6142223070,2121666
217910,에스제이켐,6105545340,12990522
10145,삼성중공우,6052331500,114845
84440,유비온,5994214000,2997107
65160,에프티이앤이,5915212737,67990951
14825,동원시스템즈우,5811340200,265358
16385,동부제철우,5765616000,160156
11155,CJ씨푸드1우,5590000000,200000
4835,덕성우,5581920000,1392000
4545,깨끗한나라우,5492400000,366160
84695,대상홀딩스우,5480892000,913482
220110,드림티엔터테인먼트,5294641278,7914262
1525,동양우,5164231160,617731
90355,노루페인트우,5163854900,463126
200350,래몽래인,5030152400,1934674
271780,비엔에프코퍼레이션,4950000000,3000000
9275,신원우,4645888000,90740
1065,JW중외제약우,4535862500,167375
3075,코오롱글로벌우,4426162450,312803
545,흥국화재우,4147200000,768000
995,DB하이텍1우,4116381400,112316
1755,한양증권우,4068750000,525000
245450,씨앤에스링크,4055844000,1039960
145,하이트진로홀딩스우,3950095900,470810
1067,JW중외제약2우B,3792528000,87790
227420,포레스팅블록체인,3756028320,7587936
5965,동부건설우,3735864600,225732
547,흥국화재2우B,3663360000,153600
92590,럭스피아,3645549000,7291098
99350,하나니켈2호,3612400000,3284000
2785,진흥기업우B,3583171240,857218
101360,이엔드디,3450680000,6140000
325,노루홀딩스우,3436387500,185250
32685,소프트센우,3407139450,142857
208890,에듀파트너,3384394000,1990820
1527,동양2우B,3363402100,308569
149940,모다,3279863395,21160409
00781K,코리아써키트2우B,3240595365,783699
224020,에스케이씨에스,3240000000,2700000
4989,성신양회3우B,3184567800,286898
2787,진흥기업2우B,3169186000,294808
247300,인프라웨어테크놀러지,3120280980,6118198
227,유유제약2우B,3060092000,164080
1799,대한제당3우B,3020984800,129656
4987,성신양회2우B,2957286200,220693
223220,아이피몬스터,2761538816,10787261
1529,동양3우B,2741007100,89722
189540,씨티네트웍스,2367670200,2415990
179720,옐로페이,1504950000,11850000
135270,세종머티리얼즈,666012998,6796051
242850,영현무역,421200000,1620000
